gid,town,area_sq_mi,area_cells,length_mi_ns,width_mi_ew,perimeter_mi,diagonal_mi,diag_lon1,diag_lat1,diag_lon2,diag_lat2,aspect_ratio_ns_ew,polsby_popper,centroid_lat,centroid_lon,lat_min,lat_max,lon_min,lon_max,rank_area,rank_perimeter,rank_length,rank_width,rank_diagonal,top10_area,top10_perimeter,top10_length,top10_width,top10_diagonal,map_category
838,South Windsor,43.703667,12209,10.1447,9.9071,74.4025,11.1863,-72.63050,41.74750,-72.52650,41.88950,1.0240,0.0992,41.82004,-72.54554,41.7475,41.8935,-72.6405,-72.4505,1,2,7,3,6,1,1,1,1,1,area
265,Killingworth,29.496127,8240,9.7307,12.0856,80.9212,12.5763,-72.68450,41.36550,-72.45850,41.43150,0.8051,0.0566,41.40520,-72.58244,41.3305,41.4705,-72.6885,-72.4565,2,1,9,1,1,1,1,1,1,1,area
863,Windsor,28.067856,7841,10.9039,9.5440,71.1866,11.7172,-72.67750,41.77150,-72.59150,41.92850,1.1425,0.0696,41.85082,-72.66307,41.7715,41.9285,-72.7465,-72.5635,3,3,4,4,5,1,1,1,1,1,area
970,Windsor Locks,24.037196,6715,7.3843,8.1435,35.8531,10.1366,-72.73750,41.88050,-72.59950,41.98450,0.9068,0.2350,41.93634,-72.67967,41.8795,41.9855,-72.7535,-72.5975,4,27,34,8,12,1,0,0,1,0,area
363,Brookfield,21.914477,6122,11.5940,7.0543,52.2534,12.2965,-73.35950,41.42950,-73.48950,41.57850,1.6435,0.1009,41.48249,-73.43278,41.4105,41.5775,-73.4935,-73.3585,5,10,3,11,2,1,1,1,0,1,area
931,Goshen,21.814247,6094,9.2476,7.2099,52.5022,9.9090,-73.20450,41.97150,-73.29850,41.84650,1.2826,0.0994,41.89731,-73.22305,41.8375,41.9705,-73.3015,-73.1635,6,9,12,10,14,1,1,0,1,0,area
688,Newington,21.721177,6068,9.1096,6.5356,57.7560,10.8888,-72.68750,41.76450,-72.80250,41.63250,1.3938,0.0818,41.70179,-72.72873,41.6325,41.7635,-72.8045,-72.6795,7,8,15,18,10,1,1,0,0,1,area
864,Vernon,21.527877,6014,8.9715,6.2244,34.7102,9.6591,-72.47250,41.90150,-72.40350,41.77150,1.4414,0.2245,41.84021,-72.43587,41.7715,41.9005,-72.4905,-72.3715,8,28,17,24,15,1,0,0,0,0,area
596,Southington,21.116220,5899,8.9025,5.7575,47.3531,9.1095,-72.93550,41.57250,-72.85950,41.69150,1.5462,0.1183,41.64425,-72.91891,41.5725,41.7005,-72.9675,-72.8575,9,16,18,32,24,1,0,0,0,0,area
744,Warren,20.847748,5824,11.8010,6.2244,51.7400,11.8665,-73.31550,41.67050,-73.33950,41.84150,1.8959,0.0979,41.74805,-73.31392,41.6705,41.8405,-73.3745,-73.2555,10,12,2,23,4,1,0,1,0,1,area
782,Glastonbury,20.690245,5780,5.5900,9.9590,42.8740,10.1862,-72.38050,41.72250,-72.57250,41.75350,0.5613,0.1414,41.73121,-72.48076,41.6915,41.7715,-72.5725,-72.3815,11,20,62,2,11,0,0,0,1,0,width
334,Ledyard,20.035173,5597,10.7659,5.8094,49.6625,10.9178,-72.00550,41.38450,-72.04050,41.54050,1.8532,0.1021,41.46580,-72.01198,41.3845,41.5395,-72.0715,-71.9605,12,15,6,30,9,0,0,1,0,1,length
836,Avon,19.480331,5442,8.2814,5.6538,31.8072,8.6937,-72.86550,41.74650,-72.81450,41.86650,1.4648,0.2420,41.80596,-72.86680,41.7465,41.8655,-72.9215,-72.8135,13,38,26,35,27,0,0,0,0,0,
936,Simsbury,19.075833,5329,9.9377,4.8758,46.2832,10.0433,-72.87650,41.84050,-72.90450,41.98450,2.0382,0.1119,41.91494,-72.86622,41.8405,41.9835,-72.9125,-72.8195,14,19,8,46,13,0,0,1,0,0,length
461,East Haddam,18.581844,5191,7.0392,6.6393,46.8019,8.2974,-72.33250,41.57650,-72.44150,41.48850,1.0602,0.1066,41.51866,-72.38604,41.4745,41.5755,-72.4535,-72.3265,15,18,38,17,33,0,0,0,0,0,
431,East Hampton,18.370646,5132,8.3504,6.6393,59.6091,9.0825,-72.57350,41.55850,-72.46450,41.45550,1.2577,0.0650,41.51715,-72.50388,41.4555,41.5755,-72.5745,-72.4475,16,5,24,16,25,0,1,0,0,0,perimeter
814,Mansfield,18.281156,5107,4.6928,9.4922,36.6883,9.4924,-72.12450,41.75850,-72.30750,41.75950,0.4944,0.1707,41.74768,-72.21795,41.7155,41.7825,-72.3075,-72.1255,17,25,89,5,20,0,0,0,1,0,width
262,Waterford,17.790747,4970,9.4546,5.8613,57.9573,9.6273,-72.17550,41.32850,-72.21050,41.46550,1.6131,0.0666,41.39224,-72.16412,41.3285,41.4645,-72.2205,-72.1085,18,7,10,28,19,0,1,1,0,0,perimeter
228,Deep River,17.776428,4966,10.7659,6.6393,58.6518,11.1700,-72.37350,41.30850,-72.44750,41.46050,1.6215,0.0649,41.38224,-72.39945,41.3085,41.4635,-72.4655,-72.3385,19,6,5,15,7,0,1,1,0,1,perimeter
757,Canterbury,17.311077,4836,7.0392,5.7057,36.4702,8.6525,-72.05550,41.67650,-71.95850,41.77850,1.2337,0.1636,41.72831,-72.01643,41.6765,41.7775,-72.0675,-71.9585,20,26,39,33,28,0,0,0,0,0,
593,East Hampton,17.096299,4776,8.7645,6.7431,52.1224,9.6316,-72.47650,41.69550,-72.55350,41.56850,1.2998,0.0791,41.63548,-72.53281,41.5685,41.6945,-72.5995,-72.4705,21,11,20,13,18,0,0,0,0,0,
379,Haddam,17.024706,4756,7.3843,7.8842,50.6438,7.8890,-72.67050,41.47150,-72.51850,41.47550,0.9366,0.0834,41.47917,-72.59226,41.4235,41.5295,-72.6705,-72.5195,22,14,32,9,40,0,0,0,1,0,width
569,Thomaston,16.935216,4731,8.4885,8.3510,60.1674,11.0663,-73.01350,41.55050,-73.15350,41.67150,1.0165,0.0588,41.61173,-73.05525,41.5505,41.6725,-73.1545,-72.9945,23,4,22,7,8,0,1,0,1,1,perimeter
966,Canaan,15.549900,4344,7.3843,9.1291,38.3455,9.6428,-73.21150,41.98350,-73.38750,41.93850,0.8089,0.1329,41.92913,-73.30784,41.8775,41.9835,-73.3875,-73.2125,24,22,33,6,16,0,0,0,1,0,width
803,Kent,14.991478,4188,7.8674,6.0688,51.6380,8.0626,-73.36350,41.70550,-73.39750,41.81950,1.2964,0.0707,41.76144,-73.40331,41.7055,41.8185,-73.4605,-73.3445,25,13,29,26,36,0,0,0,0,0,
884,Killingly,14.554764,4066,7.1082,4.7201,31.1532,8.3373,-71.80250,41.79050,-71.88650,41.89350,1.5059,0.1885,41.83388,-71.84360,41.7905,41.8925,-71.8875,-71.7975,26,42,37,48,32,0,0,0,0,0,
1013,Hartland,14.229018,3975,8.0744,3.3715,30.5281,8.1546,-72.95350,41.91450,-72.93150,42.03150,2.3949,0.1919,41.97245,-72.94890,41.9145,42.0305,-72.9785,-72.9145,27,44,28,97,35,0,0,0,0,0,
880,New Hartford,14.039297,3922,8.0744,5.1351,30.5298,8.2647,-72.98250,41.90450,-72.94850,41.78750,1.5724,0.1893,41.83948,-72.96717,41.7875,41.9035,-73.0105,-72.9125,28,43,27,43,34,0,0,0,0,0,
576,Woodbury,14.014240,3915,6.9702,7.0024,40.3103,7.9477,-73.19450,41.55650,-73.27050,41.65650,0.9954,0.1084,41.60386,-73.22778,41.5555,41.6555,-73.2885,-73.1545,29,21,41,12,39,0,0,0,0,0,
562,Franklin,13.931909,3892,8.7645,4.4089,31.8424,8.9108,-72.21650,41.67250,-72.18550,41.54550,1.9879,0.1727,41.60768,-72.18259,41.5455,41.6715,-72.2225,-72.1385,30,37,19,56,26,0,0,0,0,0,
962,Ellington,13.488035,3768,6.3491,5.4463,32.7805,7.2601,-72.46850,41.96550,-72.38250,41.88250,1.1658,0.1577,41.92971,-72.42989,41.8755,41.9665,-72.4765,-72.3725,31,32,47,36,45,0,0,0,0,0,
827,West Hartford,13.341270,3727,9.4546,5.2907,36.8851,9.6373,-72.75450,41.86950,-72.79050,41.73250,1.7870,0.1232,41.79119,-72.76126,41.7325,41.8685,-72.7945,-72.6935,32,24,11,40,17,0,0,0,0,0,
800,Burlington,12.890237,3601,9.0406,4.6164,33.5347,9.2202,-72.98250,41.70450,-73.02350,41.83450,1.9584,0.1440,41.76246,-73.00384,41.7035,41.8335,-73.0465,-72.9585,33,31,16,51,22,0,0,0,0,0,
825,Coventry,12.686198,3544,6.3491,6.0169,31.5392,7.6599,-72.26550,41.82250,-72.35550,41.73450,1.0552,0.1603,41.77188,-72.31720,41.7305,41.8215,-72.3635,-72.2485,34,40,46,27,41,0,0,0,0,0,
465,Montville,11.898680,3324,4.7618,6.3800,31.9541,6.3815,-72.24350,41.51150,-72.12050,41.51350,0.7464,0.1464,41.50749,-72.18772,41.4785,41.5465,-72.2435,-72.1215,35,35,84,20,63,0,0,0,0,0,
642,Marlborough,11.794871,3295,5.1069,5.8613,31.9515,6.1716,-72.34550,41.63750,-72.45850,41.66550,0.8713,0.1452,41.63127,-72.41104,41.5965,41.6695,-72.4585,-72.3465,36,36,72,29,68,0,0,0,0,0,
963,Willington,11.608731,3243,4.8308,6.7431,31.3290,7.0957,-72.36450,41.87650,-72.24150,41.92150,0.7164,0.1486,41.89981,-72.28722,41.8755,41.9445,-72.3645,-72.2355,37,41,81,14,48,0,0,0,0,0,
192,Hamden,11.476284,3206,6.9702,3.7346,29.4626,6.9858,-72.88250,41.39050,-72.87350,41.28950,1.8664,0.1661,41.33870,-72.89065,41.2895,41.3895,-72.9275,-72.8565,38,49,40,76,50,0,0,0,0,0,
706,Columbia,11.458386,3201,5.8660,6.3281,47.1483,7.1021,-72.35850,41.65650,-72.24450,41.71350,0.9270,0.0648,41.69357,-72.31734,41.6465,41.7305,-72.3665,-72.2455,39,17,57,21,47,0,0,0,0,0,
280,North Branford,11.376055,3178,6.2111,4.9795,37.0276,6.6560,-72.70350,41.41550,-72.79450,41.34750,1.2473,0.1043,41.39140,-72.75511,41.3455,41.4345,-72.7975,-72.7025,40,23,48,45,57,0,0,0,0,0,
542,Lisbon,11.186335,3125,4.3477,5.3945,26.5606,6.4093,-72.07550,41.53550,-71.98350,41.59750,0.8060,0.1993,41.56295,-72.03301,41.5345,41.5965,-72.0845,-71.9815,41,58,105,37,61,0,0,0,0,0,
781,Burlington,11.121901,3107,6.0040,4.3571,25.6287,6.7278,-72.86850,41.69750,-72.94450,41.77650,1.3780,0.2128,41.73331,-72.90740,41.6915,41.7775,-72.9505,-72.8675,42,60,52,58,56,0,0,0,0,0,
869,Pomfret,11.003774,3074,8.3504,3.4753,32.1861,8.5241,-71.90150,41.89750,-71.93450,41.77650,2.4028,0.1335,41.83886,-71.92916,41.7765,41.8965,-71.9545,-71.8885,43,34,25,89,31,0,0,0,0,0,
628,New Milford,10.935761,3055,7.7983,4.3052,29.6665,8.0030,-73.39450,41.70050,-73.43450,41.58850,1.8114,0.1561,41.64338,-73.42561,41.5875,41.6995,-73.4705,-73.3885,44,48,30,61,38,0,0,0,0,0,
948,Ashford,10.778257,3011,6.0040,5.1351,27.4265,6.9634,-72.17750,41.86150,-72.10950,41.94850,1.1692,0.1801,41.89715,-72.13481,41.8615,41.9475,-72.1865,-72.0885,45,56,53,44,51,0,0,0,0,0,
826,Sharon,10.685187,2985,8.5575,3.4753,27.3157,8.6332,-73.48550,41.73250,-73.46350,41.85650,2.4624,0.1800,41.80828,-73.47278,41.7325,41.8555,-73.4985,-73.4325,46,57,21,88,29,0,0,0,0,0,
251,East Lyme,10.642231,2973,9.1096,3.5790,31.8063,9.2787,-72.27750,41.45250,-72.24350,41.32050,2.5453,0.1322,41.39604,-72.25126,41.3205,41.4515,-72.2855,-72.2175,47,39,13,82,21,0,0,0,0,0,
805,Canterbury,10.638652,2972,6.0730,3.6309,23.8642,6.7545,-71.96250,41.70550,-71.90550,41.79350,1.6726,0.2347,41.74475,-71.93222,41.7055,41.7925,-71.9655,-71.8965,48,65,50,81,54,0,0,0,0,0,
291,Ledyard,10.599276,2961,9.1096,2.6972,28.4885,9.2014,-72.03450,41.35050,-72.05950,41.48250,3.3774,0.1641,41.40313,-72.05578,41.3505,41.4815,-72.0825,-72.0315,49,52,14,141,23,0,0,0,0,0,
877,Pomfret,10.595696,2960,5.1759,5.8094,32.7444,6.7323,-72.04850,41.78350,-71.96550,41.85850,0.8909,0.1242,41.82048,-72.00308,41.7835,41.8575,-72.0645,-71.9535,50,33,71,31,55,0,0,0,0,0,
315,Danbury,10.502626,2934,5.8660,4.3571,26.0445,6.0558,-73.51050,41.37150,-73.48150,41.45650,1.3463,0.1946,41.40651,-73.47888,41.3715,41.4555,-73.5145,-73.4315,51,59,56,57,72,0,0,0,0,0,
544,Lebanon,10.456091,2921,4.6928,5.6538,22.9368,5.6807,-72.21050,41.57650,-72.31950,41.56850,0.8300,0.2498,41.56769,-72.25069,41.5355,41.6025,-72.3195,-72.2115,52,71,87,34,82,0,0,0,0,0,
911,Eastford,10.248472,2863,5.6590,4.6683,29.8108,5.7998,-72.08950,41.81850,-72.03650,41.89250,1.2122,0.1449,41.85608,-72.04879,41.8175,41.8985,-72.0935,-72.0045,53,47,61,49,78,0,0,0,0,0,
638,Lebanon,10.184039,2845,4.6928,6.2244,28.8428,6.3850,-72.33550,41.60550,-72.22050,41.63850,0.7539,0.1538,41.63062,-72.28550,41.5935,41.6605,-72.3405,-72.2215,54,50,88,22,62,0,0,0,0,0,
713,Glastonbury,9.622038,2688,7.6603,4.3052,34.4359,8.0390,-72.62450,41.65150,-72.67550,41.76150,1.7793,0.1020,41.72102,-72.64276,41.6515,41.7615,-72.6865,-72.6045,55,29,31,64,37,0,0,0,0,0,
974,Ashford,9.364304,2616,5.8660,3.9421,24.5227,6.1254,-72.22250,41.88450,-72.18850,41.96950,1.4880,0.1957,41.93747,-72.19795,41.8845,41.9685,-72.2315,-72.1565,56,62,58,74,71,0,0,0,0,0,
414,North Stonington,9.349986,2612,4.3477,3.4234,20.7916,4.4580,-71.86350,41.44350,-71.84450,41.50650,1.2700,0.2718,41.47426,-71.86507,41.4435,41.5055,-71.9005,-71.8355,57,82,104,92,118,0,0,0,0,0,
899,Willington,9.171005,2562,4.5548,3.5271,17.4078,4.5786,-72.22750,41.87150,-72.21850,41.80550,1.2914,0.3803,41.83693,-72.22308,41.8055,41.8705,-72.2565,-72.1895,58,104,95,84,113,0,0,0,0,0,
794,Scotland,9.145947,2555,4.1407,4.3052,22.4524,5.2334,-72.13150,41.70150,-72.06650,41.75950,0.9618,0.2280,41.73004,-72.10690,41.7015,41.7605,-72.1485,-72.0665,59,73,120,65,91,0,0,0,0,0,
343,Ledyard,8.949068,2500,4.8308,3.9940,17.9608,5.0297,-71.97350,41.39450,-71.94650,41.46450,1.2095,0.3486,41.43135,-71.95487,41.3945,41.4635,-71.9905,-71.9145,60,99,78,72,97,0,0,0,0,0,
388,East Haddam,8.787984,2455,4.6238,4.0977,21.6251,5.7064,-72.39850,41.42650,-72.33050,41.49150,1.1284,0.2361,41.45623,-72.36926,41.4265,41.4925,-72.4085,-72.3305,61,77,91,70,81,0,0,0,0,0,
919,Sharon,8.709233,2433,4.0717,5.3426,21.9706,5.6108,-73.33250,41.85150,-73.43250,41.88250,0.7621,0.2267,41.85628,-73.38023,41.8255,41.8835,-73.4355,-73.3335,62,75,123,39,83,0,0,0,0,0,
685,Morris,8.687755,2427,6.6251,4.3052,23.6919,7.4813,-73.14850,41.63050,-73.21550,41.72650,1.5389,0.1945,41.67539,-73.19759,41.6305,41.7255,-73.2305,-73.1485,63,67,44,63,43,0,0,0,0,0,
851,Torrington,8.655538,2418,8.4885,2.5935,27.4537,8.5455,-73.12750,41.88550,-73.14650,41.76250,3.2730,0.1443,41.81831,-73.12452,41.7625,41.8845,-73.1475,-73.0985,64,55,23,150,30,0,0,0,0,0,
961,Winchester,8.519512,2380,6.0040,3.1122,19.2004,6.1425,-73.10950,41.96150,-73.08450,41.87450,1.9292,0.2904,41.91048,-73.09834,41.8745,41.9605,-73.1275,-73.0685,65,94,54,110,70,0,0,0,0,0,
1030,Thompson,8.469398,2366,4.4858,5.2388,27.8749,5.7334,-71.90350,41.92850,-71.98750,41.98250,0.8563,0.1370,41.96541,-71.93880,41.9285,41.9925,-71.9885,-71.8885,66,53,99,42,79,0,0,0,0,0,
514,Waterbury,8.444340,2359,4.2787,5.2388,28.4982,5.3548,-73.00550,41.53450,-72.90650,41.55650,0.8167,0.1307,41.54891,-72.96132,41.5165,41.5775,-73.0055,-72.9055,67,51,109,41,89,0,0,0,0,0,
570,Colchester,8.354850,2334,4.8308,5.3945,22.8330,6.4248,-72.34950,41.62050,-72.43550,41.55350,0.8955,0.2014,41.57952,-72.38554,41.5505,41.6195,-72.4365,-72.3335,68,72,79,38,60,0,0,0,0,0,
806,Sterling,8.243881,2303,5.6590,2.8528,19.5134,5.8297,-71.82750,41.78750,-71.80050,41.70550,1.9836,0.2721,41.74536,-71.81977,41.7055,41.7865,-71.8515,-71.7975,69,91,60,127,77,0,0,0,0,0,
260,Old Lyme,8.218824,2296,5.5210,4.3052,22.0005,6.1775,-72.27650,41.40650,-72.33250,41.32750,1.2824,0.2134,41.36372,-72.28953,41.3275,41.4065,-72.3345,-72.2525,70,74,64,60,67,0,0,0,0,0,
256,North Haven,8.122174,2269,6.4871,2.8010,23.5891,6.5004,-72.83050,41.32350,-72.82250,41.41750,2.3160,0.1834,41.36688,-72.82982,41.3235,41.4165,-72.8605,-72.8075,71,68,45,130,59,0,0,0,0,0,
660,Canterbury,7.681880,2146,6.0040,4.4608,23.2805,6.6268,-72.00950,41.61150,-71.92650,41.68450,1.3460,0.1781,41.64572,-71.96989,41.6065,41.6925,-72.0115,-71.9265,72,69,51,53,58,0,0,0,0,0,
515,Norwich,7.588809,2120,6.7632,3.0603,23.8633,6.7759,-72.11350,41.51750,-72.10550,41.61550,2.2100,0.1675,41.55994,-72.12360,41.5175,41.6145,-72.1605,-72.1025,73,66,43,111,53,0,0,0,0,0,
677,Canterbury,7.567332,2114,4.4168,4.3052,19.5837,4.8798,-72.03150,41.61850,-71.99150,41.68250,1.0259,0.2479,41.64879,-72.01607,41.6185,41.6815,-72.0595,-71.9775,74,90,100,62,100,0,0,0,0,0,
759,Litchfield,7.545854,2108,4.7618,4.4608,19.4809,6.3032,-73.16550,41.74350,-73.08150,41.67750,1.0675,0.2499,41.71335,-73.12277,41.6775,41.7455,-73.1665,-73.0815,75,92,86,54,64,0,0,0,0,0,
679,Franklin,7.524376,2102,5.3139,4.5127,21.0695,6.8186,-72.17450,41.69550,-72.09050,41.61950,1.1776,0.2130,41.65065,-72.12642,41.6195,41.6955,-72.1755,-72.0895,76,80,69,52,52,0,0,0,0,0,
818,Avon,7.445624,2080,11.8700,2.5935,34.3540,12.0974,-72.81950,41.72250,-72.77450,41.89450,4.5769,0.0793,41.82333,-72.80139,41.7225,41.8935,-72.8235,-72.7745,77,30,1,149,3,0,0,1,0,1,length
971,Ellington,7.409828,2070,7.1772,3.1641,23.9671,7.2312,-72.49250,41.88050,-72.47550,41.98450,2.2684,0.1621,41.92680,-72.49750,41.8805,41.9835,-72.5305,-72.4705,78,64,36,106,46,0,0,0,0,0,
999,Winchester,7.341815,2051,5.5900,2.5416,18.3379,5.7158,-73.15850,41.98650,-73.13550,41.90550,2.1994,0.2744,41.93940,-73.14302,41.9055,41.9855,-73.1675,-73.1195,79,96,63,154,80,0,0,0,0,0,
420,Bridgewater,7.177152,2005,6.9012,3.4234,30.0490,7.3366,-73.33950,41.54650,-73.29150,41.44650,2.0159,0.0999,41.49901,-73.32261,41.4465,41.5455,-73.3555,-73.2905,80,45,42,93,44,0,0,0,0,0,
1045,Canaan,7.166413,2002,4.6928,3.4234,20.7609,4.8296,-73.30350,41.94750,-73.32550,42.01550,1.3708,0.2089,41.97708,-73.30451,41.9475,42.0145,-73.3415,-73.2765,81,83,90,95,104,0,0,0,0,0,
605,Voluntown,7.159254,2000,7.2462,3.2678,29.9127,7.5233,-71.86950,41.57650,-71.90850,41.68150,2.2175,0.1005,41.62605,-71.86846,41.5765,41.6805,-71.9095,-71.8475,82,46,35,102,42,0,0,0,0,0,
191,Westbrook,7.101980,1984,4.8308,4.1496,21.2075,4.9887,-72.51250,41.28850,-72.48850,41.35850,1.1642,0.1984,41.33255,-72.50123,41.2885,41.3575,-72.5375,-72.4585,83,78,77,69,99,0,0,0,0,0,
1056,Granby,7.044706,1968,2.5534,6.1725,19.9020,6.1864,-72.77250,41.99650,-72.89150,41.99050,0.4137,0.2235,41.98191,-72.83457,41.9605,41.9965,-72.8915,-72.7735,84,87,228,25,65,0,0,0,0,0,
946,Canton,7.037547,1966,4.8998,2.8528,16.7502,5.1569,-72.94650,41.85550,-72.91550,41.92650,1.7175,0.3152,41.88631,-72.92280,41.8555,41.9255,-72.9515,-72.8975,85,110,76,128,93,0,0,0,0,0,
956,Sharon,6.951636,1942,4.1407,3.4234,15.9230,4.1731,-73.38650,41.92950,-73.37650,41.86950,1.2095,0.3445,41.90003,-73.38996,41.8695,41.9285,-73.4305,-73.3655,86,114,121,94,130,0,0,0,0,0,
539,Preston,6.744017,1884,3.9337,2.7491,13.9880,4.1106,-71.98450,41.53250,-71.95750,41.58850,1.4309,0.4331,41.55792,-71.96449,41.5325,41.5885,-71.9915,-71.9395,87,140,127,136,132,0,0,0,0,0,
341,Southbury,6.636629,1854,5.3139,3.4234,25.5944,5.6030,-73.21950,41.46950,-73.18150,41.39350,1.5522,0.1273,41.43703,-73.18916,41.3935,41.4695,-73.2285,-73.1635,88,61,68,91,84,0,0,0,0,0,
691,Lebanon,6.568616,1835,5.0379,4.6164,21.6567,6.1811,-72.23750,41.69750,-72.15150,41.63550,1.0913,0.1760,41.67889,-72.19870,41.6355,41.7075,-72.2395,-72.1515,89,76,74,50,66,0,0,0,0,0,
116,Easton,6.557877,1832,4.3477,4.2533,19.1696,5.2288,-73.32650,41.23650,-73.38250,41.29950,1.0222,0.2243,41.26758,-73.34715,41.2365,41.2985,-73.3865,-73.3055,90,95,103,66,92,0,0,0,0,0,
1014,Enfield,6.507762,1818,5.5210,3.3197,20.9314,5.9941,-72.56450,41.91550,-72.51950,41.99550,1.6631,0.1867,41.95524,-72.54505,41.9155,41.9945,-72.5795,-72.5165,91,81,65,101,73,0,0,0,0,0,
839,Goshen,6.450488,1802,5.1069,2.3341,16.7476,5.1353,-73.22550,41.82150,-73.20050,41.74950,2.1879,0.2890,41.78926,-73.21462,41.7495,41.8225,-73.2395,-73.1955,92,111,73,174,95,0,0,0,0,0,
220,Old Lyme,6.192755,1730,2.9675,3.7865,14.7159,3.8489,-72.33350,41.31950,-72.26050,41.30950,0.7837,0.3594,41.32227,-72.29356,41.3025,41.3445,-72.3335,-72.2615,93,127,182,75,149,0,0,0,0,0,
861,New Hartford,6.035251,1686,4.2097,3.1122,19.7551,4.8051,-73.04050,41.83150,-73.08750,41.77150,1.3527,0.1943,41.80217,-73.06848,41.7715,41.8315,-73.0995,-73.0405,94,88,113,109,105,0,0,0,0,0,
304,Lyme,5.956499,1664,3.1055,2.7491,14.1287,3.9163,-72.34050,41.36550,-72.29450,41.41050,1.1297,0.3750,41.38954,-72.31634,41.3655,41.4095,-72.3435,-72.2915,95,136,172,134,144,0,0,0,0,0,
817,Farmington,5.949340,1662,5.7970,1.8673,15.5361,5.8490,-72.84150,41.72150,-72.82650,41.80550,3.1045,0.3097,41.75645,-72.83653,41.7215,41.8045,-72.8565,-72.8215,96,121,59,246,76,0,0,0,0,0,
1032,Salisbury,5.895646,1647,4.8308,3.5271,19.4132,5.3734,-73.41250,41.93250,-73.46050,42.00150,1.3696,0.1966,41.96057,-73.42698,41.9325,42.0015,-73.4615,-73.3945,97,93,82,85,88,0,0,0,0,0,
396,Bethany,5.892066,1646,4.2787,4.7201,23.2471,5.3397,-72.98050,41.49550,-73.05550,41.44250,0.9065,0.1370,41.45806,-73.00853,41.4335,41.4945,-73.0615,-72.9715,98,70,107,47,90,0,0,0,0,0,
362,Haddam,5.856270,1636,3.5886,4.0458,17.2382,5.0650,-72.53350,41.46150,-72.60850,41.41450,0.8870,0.2477,41.43616,-72.57475,41.4095,41.4605,-72.6105,-72.5335,99,105,135,71,96,0,0,0,0,0,
1000,Putnam,5.831213,1629,3.1745,4.2533,20.6589,4.3983,-71.82650,41.93650,-71.90450,41.91150,0.7464,0.1717,41.92918,-71.86437,41.9055,41.9505,-71.9045,-71.8235,100,84,169,68,120,0,0,0,0,0,
607,Colchester,5.784677,1616,2.4844,3.5271,12.8865,3.7630,-72.32050,41.58350,-72.25250,41.60250,0.7044,0.4377,41.59310,-72.28975,41.5775,41.6125,-72.3205,-72.2535,101,157,233,83,154,0,0,0,0,0,
969,Pomfret,5.695187,1591,4.0027,4.4608,18.2395,4.9944,-71.96650,41.87950,-72.05150,41.91350,0.8973,0.2151,41.91291,-72.01288,41.8785,41.9355,-72.0525,-71.9675,102,97,124,55,98,0,0,0,0,0,
647,Rocky Hill,5.652231,1579,4.2097,6.4318,27.5681,7.0775,-72.75450,41.60250,-72.63850,41.65650,0.6545,0.0935,41.62900,-72.70573,41.5985,41.6585,-72.7605,-72.6375,103,54,112,19,49,0,0,0,0,0,
643,Southington,5.555581,1552,4.9689,2.5935,20.5147,5.3879,-72.87350,41.59950,-72.82750,41.66950,1.9159,0.1659,41.62709,-72.85378,41.5975,41.6685,-72.8765,-72.8275,104,85,75,148,87,0,0,0,0,0,
1011,Barkhamsted,5.509046,1539,3.5196,3.3197,16.9595,4.7676,-72.99650,41.91350,-73.05850,41.96450,1.0602,0.2407,41.93337,-73.03171,41.9135,41.9635,-73.0595,-72.9965,105,108,140,100,106,0,0,0,0,0,
592,Cromwell,5.394498,1507,5.2449,2.9566,21.2030,5.5502,-72.62950,41.64450,-72.66450,41.56850,1.7740,0.1508,41.60344,-72.64402,41.5685,41.6435,-72.6715,-72.6155,106,79,70,120,85,0,0,0,0,0,
154,Guilford,5.373020,1501,4.2787,4.3052,24.4550,5.1426,-72.70050,41.26950,-72.75550,41.33150,0.9939,0.1129,41.29745,-72.73052,41.2695,41.3305,-72.7725,-72.6905,107,63,106,59,94,0,0,0,0,0,
309,Ledyard,5.301428,1481,6.0730,1.6080,18.0935,6.1444,-72.09450,41.36850,-72.07650,41.45650,3.7769,0.2035,41.40879,-72.09338,41.3685,41.4555,-72.1065,-72.0765,108,98,49,281,69,0,0,0,0,0,
1020,Eastford,5.269211,1472,4.4858,2.6454,15.5414,4.6161,-72.14550,41.92050,-72.12450,41.98550,1.6957,0.2741,41.95184,-72.13527,41.9205,41.9845,-72.1605,-72.1105,109,120,98,144,111,0,0,0,0,0,
922,Tolland,5.247733,1466,3.9337,3.0084,17.5107,4.3109,-72.34950,41.82650,-72.31550,41.88350,1.3075,0.2151,41.86019,-72.33822,41.8265,41.8825,-72.3645,-72.3075,110,103,129,117,125,0,0,0,0,0,
590,Marlborough,5.197619,1452,3.9337,2.4379,13.7805,3.9422,-72.45250,41.56750,-72.45750,41.62450,1.6136,0.3439,41.59246,-72.45207,41.5675,41.6235,-72.4765,-72.4305,111,144,128,162,140,0,0,0,0,0,
791,Harwinton,5.151083,1439,3.4506,2.2304,12.8126,3.6570,-73.01450,41.70350,-73.04950,41.74950,1.5471,0.3943,41.72313,-73.03464,41.7005,41.7495,-73.0565,-73.0145,112,160,147,193,162,0,0,0,0,0,
82,Weston,5.140344,1436,4.1407,3.2159,19.6540,4.3389,-73.36750,41.23750,-73.41250,41.18450,1.2876,0.1672,41.20728,-73.38380,41.1775,41.2365,-73.4145,-73.3535,113,89,115,103,124,0,0,0,0,0,
908,Ashford,5.111707,1428,4.4168,2.7491,15.6452,4.6181,-72.09350,41.87650,-72.11950,41.81250,1.6066,0.2624,41.84884,-72.11338,41.8125,41.8755,-72.1455,-72.0935,114,119,102,137,110,0,0,0,0,0,
289,Deep River,5.093809,1423,3.3126,2.6972,13.2636,3.4491,-72.45050,41.34950,-72.47650,41.39550,1.2281,0.3639,41.37404,-72.46535,41.3485,41.3955,-72.4885,-72.4375,115,151,156,140,180,0,0,0,0,0,
492,Voluntown,4.896930,1368,2.8295,3.0084,13.4702,3.3211,-71.88450,41.50650,-71.83150,41.53350,0.9405,0.3391,41.52202,-71.85555,41.5025,41.5425,-71.8855,-71.8285,116,149,198,115,189,0,0,0,0,0,
556,Woodbury,4.778802,1335,2.4154,3.6828,14.3019,3.9208,-73.17850,41.57150,-73.11350,41.54250,0.6559,0.2936,41.55848,-73.14713,41.5405,41.5745,-73.1835,-73.1135,117,132,240,80,143,0,0,0,0,0,
709,Plymouth,4.778802,1335,3.4506,2.9566,14.8540,3.7852,-73.00650,41.64850,-72.97650,41.69850,1.1671,0.2722,41.67384,-72.99224,41.6485,41.6975,-73.0175,-72.9615,118,126,146,121,152,0,0,0,0,0,
887,Chaplin,4.692891,1311,4.5548,1.9192,14.2957,4.6832,-72.15550,41.86050,-72.13450,41.79450,2.3733,0.2886,41.83059,-72.14477,41.7945,41.8595,-72.1645,-72.1285,119,133,94,233,108,0,0,0,0,0,
263,Groton,4.649936,1299,3.9337,2.8010,17.8237,4.3544,-72.00850,41.32850,-71.97250,41.38550,1.4044,0.1839,41.35936,-72.00385,41.3285,41.3845,-72.0245,-71.9715,120,101,126,131,122,0,0,0,0,0,
384,Hamden,4.599821,1285,3.1745,2.9047,14.1278,3.5061,-72.92750,41.47150,-72.96350,41.42850,1.0929,0.2896,41.44731,-72.94510,41.4255,41.4705,-72.9695,-72.9145,121,137,167,123,172,0,0,0,0,0,
453,Middlebury,4.581923,1280,3.3816,4.2533,17.6171,4.4122,-73.19150,41.48050,-73.10950,41.49750,0.7950,0.1855,41.48952,-73.14510,41.4715,41.5195,-73.1915,-73.1105,122,102,151,67,119,0,0,0,0,0,
964,Barkhamsted,4.581923,1280,2.4844,2.6972,11.5712,3.0119,-73.05850,41.91250,-73.02050,41.87950,0.9211,0.4300,41.89416,-73.04242,41.8765,41.9115,-73.0685,-73.0175,123,176,235,142,216,0,0,0,0,0,
765,Harwinton,4.510330,1260,4.8308,1.7636,15.7805,4.8533,-73.07050,41.68050,-73.06150,41.75050,2.7392,0.2276,41.71795,-73.07238,41.6805,41.7495,-73.0905,-73.0575,124,116,80,257,102,0,0,0,0,0,
550,Woodbury,4.488852,1254,2.9675,2.6454,12.2280,3.0011,-73.24850,41.53850,-73.26350,41.58050,1.1218,0.3773,41.55755,-73.24992,41.5385,41.5805,-73.2735,-73.2235,125,165,183,143,217,0,0,0,0,0,
965,Pomfret,4.438738,1240,3.1745,2.2823,12.4328,3.4971,-71.92450,41.92150,-71.95550,41.87650,1.3910,0.3609,41.89985,-71.93670,41.8765,41.9215,-71.9565,-71.9135,126,161,168,185,174,0,0,0,0,0,
281,Stonington,4.295553,1200,1.8633,3.9421,14.0610,3.9638,-71.88250,41.36250,-71.95850,41.35650,0.4727,0.2730,41.35802,-71.92284,41.3455,41.3715,-71.9585,-71.8835,127,139,324,73,139,0,0,0,0,0,
152,Branford,4.256177,1189,3.2436,2.1785,11.4666,3.4742,-72.82650,41.31650,-72.85050,41.26950,1.4889,0.4068,41.29174,-72.84146,41.2695,41.3155,-72.8645,-72.8235,128,184,159,197,177,0,0,0,0,0,
1077,North Canaan,4.223960,1180,2.7605,3.7346,13.5080,3.7752,-73.21750,41.99550,-73.28950,42.00350,0.7392,0.2909,41.99591,-73.25631,41.9775,42.0165,-73.2895,-73.2185,129,148,208,79,153,0,0,0,0,0,
755,Glastonbury,4.170266,1165,3.2436,3.3715,15.4403,3.8860,-72.53150,41.69350,-72.59650,41.72150,0.9620,0.2198,41.69931,-72.57352,41.6765,41.7225,-72.5965,-72.5325,130,122,163,96,146,0,0,0,0,0,
468,Middletown,4.159527,1162,4.7618,1.9710,16.9234,4.8627,-72.66750,41.48350,-72.64850,41.55250,2.4159,0.1825,41.51309,-72.65275,41.4835,41.5515,-72.6745,-72.6375,131,109,85,223,101,0,0,0,0,0,
914,Torrington,4.152367,1160,5.4519,1.5561,15.9177,5.4820,-73.16850,41.89850,-73.14850,41.82050,3.5036,0.2059,41.86803,-73.15207,41.8205,41.8985,-73.1695,-73.1405,132,115,66,294,86,0,0,0,0,0,
164,Clinton,4.145208,1158,3.8647,2.3860,14.2640,3.8869,-72.57750,41.33350,-72.56950,41.27750,1.6197,0.2560,41.30692,-72.57646,41.2775,41.3325,-72.5975,-72.5525,133,134,130,165,145,0,0,0,0,0,
1009,Woodstock,4.145208,1158,5.3829,2.7491,17.9582,5.9751,-71.96150,41.91150,-72.01150,41.98950,1.9581,0.1615,41.94910,-71.98849,41.9115,41.9885,-72.0135,-71.9615,134,100,67,139,74,0,0,0,0,0,
857,Hampton,4.120151,1151,3.3816,3.3197,17.1652,3.8502,-72.10550,41.81250,-72.06350,41.76650,1.0187,0.1757,41.79026,-72.08399,41.7665,41.8145,-72.1235,-72.0605,135,106,155,98,148,0,0,0,0,0,
552,Griswold,4.048558,1131,3.0365,2.2823,11.4675,3.2045,-71.93350,41.53850,-71.90450,41.57950,1.3305,0.3869,41.56161,-71.91720,41.5385,41.5815,-71.9375,-71.8945,136,183,177,180,198,0,0,0,0,0,
477,Cheshire,3.969806,1109,3.1055,3.1641,16.1647,3.4802,-72.97550,41.50750,-72.91450,41.52850,0.9815,0.1909,41.51777,-72.94067,41.4915,41.5355,-72.9755,-72.9155,137,112,174,105,175,0,0,0,0,0,
403,Naugatuck,3.916112,1094,4.4858,2.1785,14.6772,4.4933,-73.08150,41.43750,-73.08650,41.50250,2.0591,0.2284,41.47327,-73.08333,41.4375,41.5015,-73.1045,-73.0635,138,129,97,199,115,0,0,0,0,0,
182,Westbrook,3.812303,1065,4.1407,2.8010,17.1318,4.2039,-72.44050,41.34450,-72.42650,41.28450,1.4783,0.1632,41.31385,-72.44124,41.2845,41.3435,-72.4675,-72.4145,139,107,116,129,129,0,0,0,0,0,
1091,Norfolk,3.808723,1064,2.4154,3.1641,13.6821,3.6916,-73.11850,41.99150,-73.17650,42.02250,0.7634,0.2557,42.01117,-73.14721,41.9905,42.0245,-73.1785,-73.1185,140,145,251,108,156,0,0,0,0,0,
733,Windham,3.762188,1051,2.4154,3.0603,12.9216,3.6595,-72.15050,41.69750,-72.09750,41.66250,0.7893,0.2831,41.68310,-72.12453,41.6625,41.6965,-72.1515,-72.0935,141,156,243,112,161,0,0,0,0,0,
29,Stamford,3.747870,1047,5.9350,1.7117,20.4786,5.9371,-73.56350,41.15350,-73.56050,41.06750,3.4673,0.1123,41.11502,-73.56534,41.0675,41.1525,-73.5795,-73.5475,142,86,55,265,75,0,0,0,0,0,
418,Salem,3.708494,1036,2.2774,2.8528,10.8125,2.9058,-72.21450,41.47350,-72.26950,41.46550,0.7983,0.3986,41.46308,-72.24114,41.4455,41.4775,-72.2695,-72.2155,143,200,262,126,230,0,0,0,0,0,
1121,Norfolk,3.683436,1029,2.0704,2.5935,10.5365,2.7023,-73.20650,42.01950,-73.25650,42.03050,0.7983,0.4169,42.02394,-73.23364,42.0095,42.0385,-73.2565,-73.2075,144,204,296,151,256,0,0,0,0,0,
1047,Salisbury,3.665538,1024,3.1745,2.2823,11.2248,3.2283,-73.40050,41.99650,-73.38350,41.95150,1.3910,0.3656,41.97626,-73.39392,41.9515,41.9965,-73.4175,-73.3745,145,193,170,187,197,0,0,0,0,0,
557,Southington,3.647640,1019,2.9675,2.3860,12.1233,3.3439,-72.85350,41.58050,-72.89350,41.54250,1.2437,0.3119,41.56459,-72.88188,41.5425,41.5845,-72.8975,-72.8525,146,167,184,168,185,0,0,0,0,0,
1038,Stafford,3.644060,1018,2.7605,2.3341,10.7422,3.3327,-72.37050,41.93650,-72.40650,41.97650,1.1827,0.3968,41.95968,-72.38461,41.9365,41.9755,-72.4085,-72.3645,147,201,207,175,188,0,0,0,0,0,
1100,Granby,3.608264,1008,2.8295,2.5416,11.2600,3.1634,-72.87850,42.03550,-72.84250,41.99850,1.1133,0.3576,42.01179,-72.86977,41.9965,42.0365,-72.8905,-72.8425,148,191,201,155,201,0,0,0,0,0,
929,Torrington,3.604684,1007,2.0704,2.8010,9.7426,2.8145,-73.09550,41.83750,-73.04150,41.84150,0.7392,0.4772,41.84755,-73.07159,41.8345,41.8635,-73.0955,-73.0425,149,222,293,132,243,0,0,0,0,0,
750,Kent,3.601105,1006,4.0717,2.5416,15.1959,4.0747,-73.45950,41.73350,-73.46250,41.67450,1.6020,0.1960,41.70014,-73.46441,41.6745,41.7325,-73.4875,-73.4395,150,124,122,152,134,0,0,0,0,0,
462,Montville,3.590366,1003,3.0365,3.7346,14.3019,4.7333,-72.08550,41.51950,-72.15550,41.47550,0.8131,0.2206,41.49678,-72.12346,41.4755,41.5185,-72.1565,-72.0855,151,131,176,78,107,0,0,0,0,0,
188,Branford,3.576047,999,2.8985,2.1267,11.1897,3.0850,-72.81350,41.28750,-72.77650,41.32250,1.3629,0.3589,41.31110,-72.79526,41.2875,41.3285,-72.8155,-72.7755,152,194,189,204,208,0,0,0,0,0,
829,Plainfield,3.572468,998,3.7266,2.0748,14.0917,4.0188,-71.86850,41.73450,-71.83950,41.78850,1.7962,0.2261,41.76571,-71.85713,41.7345,41.7875,-71.8785,-71.8395,153,138,132,213,135,0,0,0,0,0,
1074,Thompson,3.493716,976,3.0365,3.4753,16.1639,3.6892,-71.83550,42.01650,-71.87950,41.97450,0.8738,0.1680,41.99485,-71.86612,41.9735,42.0165,-71.8945,-71.8285,154,113,181,90,157,0,0,0,0,0,
989,Windsor Locks,3.479398,972,2.6225,2.2304,10.4310,2.9255,-72.66450,41.93650,-72.63950,41.89850,1.1758,0.4018,41.91676,-72.65236,41.8985,41.9355,-72.6735,-72.6315,155,208,221,194,226,0,0,0,0,0,
1027,Winchester,3.454340,965,3.5196,2.2823,11.7075,3.9367,-73.09950,41.97550,-73.06550,41.92450,1.5422,0.3167,41.94934,-73.07770,41.9245,41.9745,-73.1005,-73.0575,156,171,141,186,141,0,0,0,0,0,
176,Guilford,3.429283,958,3.4506,1.9710,11.3620,3.6184,-72.63750,41.33250,-72.61650,41.28250,1.7506,0.3338,41.30271,-72.63479,41.2825,41.3315,-72.6535,-72.6165,157,188,145,219,163,0,0,0,0,0,
574,Norwich,3.418544,955,4.1407,2.2823,14.1937,4.3951,-72.09050,41.55450,-72.05550,41.61250,1.8143,0.2132,41.59313,-72.07076,41.5545,41.6135,-72.0915,-72.0485,158,135,118,181,121,0,0,0,0,0,
59,Wilton,3.397066,949,2.6225,2.7491,10.8468,2.8520,-73.44650,41.16050,-73.39350,41.17150,0.9539,0.3628,41.16342,-73.42323,41.1415,41.1785,-73.4465,-73.3945,159,198,216,133,237,0,0,0,0,0,
617,New Milford,3.382748,945,4.5548,1.4524,13.5704,4.5971,-73.36250,41.58250,-73.37450,41.64850,3.1361,0.2308,41.60985,-73.36612,41.5825,41.6475,-73.3785,-73.3515,160,147,92,328,112,0,0,0,0,0,
99,Wilton,3.329053,930,3.6576,1.8154,11.7066,3.6609,-73.46550,41.26950,-73.46250,41.21650,2.0147,0.3053,41.24738,-73.47316,41.2165,41.2685,-73.4935,-73.4595,161,172,133,249,160,0,0,0,0,0,
399,East Haddam,3.307575,924,4.2787,2.2823,14.9190,4.3041,-72.32450,41.43450,-72.31550,41.49650,1.8748,0.1867,41.46086,-72.31988,41.4345,41.4955,-72.3365,-72.2935,162,125,108,178,126,0,0,0,0,0,
314,Oxford,3.239563,905,2.7605,2.4897,10.5004,3.1946,-73.14150,41.37050,-73.11050,41.41050,1.1087,0.3692,41.39169,-73.13379,41.3705,41.4095,-73.1545,-73.1075,163,206,203,156,200,0,0,0,0,0,
322,Waterford,3.196607,893,3.2436,1.8673,10.4292,3.3398,-72.21550,41.42050,-72.19550,41.37450,1.7370,0.3693,41.39338,-72.20448,41.3735,41.4195,-72.2195,-72.1845,164,210,160,239,186,0,0,0,0,0,
932,Willington,3.178709,888,2.8295,2.9047,14.6799,3.2045,-72.26350,41.83750,-72.29250,41.87850,0.9741,0.1854,41.86138,-72.26609,41.8375,41.8775,-72.2945,-72.2395,165,128,199,124,199,0,0,0,0,0,
30,Norwalk,3.157231,882,3.5196,2.3860,13.6425,3.5576,-73.43550,41.07150,-73.44550,41.12250,1.4751,0.2132,41.09255,-73.43750,41.0715,41.1215,-73.4585,-73.4135,166,146,137,164,168,0,0,0,0,0,
486,Woodbury,3.157231,882,3.3816,2.3860,13.2970,3.5965,-73.16850,41.50150,-73.19550,41.54950,1.4173,0.2244,41.52318,-73.18536,41.5015,41.5495,-73.2035,-73.1585,167,150,152,167,165,0,0,0,0,0,
1042,Norfolk,3.150072,880,2.6915,1.9192,9.8771,2.9978,-73.19450,41.98550,-73.16650,41.94750,1.4024,0.4058,41.96683,-73.17764,41.9465,41.9845,-73.1955,-73.1595,168,218,215,235,218,0,0,0,0,0,
717,New Milford,3.139333,877,3.2436,2.1267,11.2582,3.4736,-73.46250,41.65650,-73.43250,41.70150,1.5252,0.3112,41.67651,-73.43987,41.6545,41.7005,-73.4635,-73.4235,169,192,162,206,178,0,0,0,0,0,
637,Watertown,3.128594,874,2.6225,2.0748,9.4982,2.8778,-73.16950,41.63050,-73.14150,41.59450,1.2640,0.4358,41.60824,-73.15573,41.5925,41.6295,-73.1725,-73.1335,170,231,219,212,233,0,0,0,0,0,
235,Newtown,3.089218,863,2.4154,2.5935,11.5361,2.6163,-73.35150,41.32350,-73.30150,41.32850,0.9313,0.2917,41.32811,-73.33029,41.3125,41.3465,-73.3515,-73.3025,171,180,238,147,265,0,0,0,0,0,
1034,Granby,3.078479,860,3.4506,3.2159,15.6469,3.5747,-72.78450,41.93450,-72.76650,41.98450,1.0730,0.1580,41.96245,-72.78842,41.9345,41.9835,-72.8235,-72.7625,172,118,148,104,166,0,0,0,0,0,
77,Westport,3.067740,857,3.1055,1.7117,10.4987,3.1575,-73.33250,41.16850,-73.34350,41.21350,1.8143,0.3498,41.19032,-73.33599,41.1685,41.2125,-73.3525,-73.3205,173,207,171,266,203,0,0,0,0,0,
1085,Thompson,3.028365,846,2.4844,3.1641,13.8517,3.4798,-71.96050,42.01350,-71.90150,41.98950,0.7852,0.1983,42.00187,-71.93306,41.9845,42.0195,-71.9625,-71.9025,174,142,237,107,176,0,0,0,0,0,
501,Preston,3.006887,840,2.6225,1.8673,9.3250,2.8202,-71.92050,41.50650,-71.90050,41.54450,1.4044,0.4345,41.52570,-71.91142,41.5065,41.5435,-71.9285,-71.8935,175,239,217,242,241,0,0,0,0,0,
438,Durham,3.003307,839,2.2084,2.1785,9.4297,2.7887,-72.72450,41.49150,-72.68450,41.46450,1.0137,0.4244,41.47808,-72.70359,41.4625,41.4935,-72.7255,-72.6845,176,235,269,200,246,0,0,0,0,0,
840,Litchfield,2.999727,838,4.4168,1.5042,12.3607,4.4848,-73.16350,41.75250,-73.14850,41.81650,2.9362,0.2467,41.78451,-73.15915,41.7525,41.8155,-73.1735,-73.1455,177,163,101,316,117,0,0,0,0,0,
686,Scotland,2.996148,837,4.1407,1.3486,11.2899,4.1459,-72.07450,41.63150,-72.07850,41.69150,3.0703,0.2954,41.65998,-72.07533,41.6315,41.6905,-72.0875,-72.0625,178,190,119,353,131,0,0,0,0,0,
1001,Woodstock,2.996148,837,4.0027,1.2967,11.6363,4.0111,-72.08450,41.96450,-72.08950,41.90650,3.0867,0.2781,41.93436,-72.09112,41.9065,41.9635,-72.1035,-72.0795,179,174,125,365,137,0,0,0,0,0,
27,Greenwich,2.992568,836,4.1407,1.7117,14.5392,4.2231,-73.61950,41.06150,-73.60350,41.12150,2.4191,0.1779,41.09617,-73.61189,41.0615,41.1205,-73.6275,-73.5955,180,130,114,264,128,0,0,0,0,0,
1090,Somers,2.974670,831,2.3464,2.6454,10.3985,2.8938,-72.43750,42.01450,-72.38650,41.99750,0.8870,0.3457,42.00600,-72.41322,41.9895,42.0225,-72.4375,-72.3875,181,211,257,145,231,0,0,0,0,0,
204,Old Saybrook,2.967511,829,2.7605,1.9710,9.6705,2.8544,-72.41350,41.33550,-72.39950,41.29550,1.4005,0.3988,41.31497,-72.40924,41.2955,41.3345,-72.4275,-72.3905,182,225,202,220,235,0,0,0,0,0,
25,Stamford,2.963931,828,3.1745,2.8528,15.2663,3.5586,-73.52850,41.05750,-73.49750,41.10350,1.1128,0.1598,41.07520,-73.51816,41.0575,41.1025,-73.5445,-73.4905,183,123,165,125,167,0,0,0,0,0,
448,Prospect,2.960352,827,2.6915,2.1785,10.5347,2.9876,-72.96050,41.46850,-72.93550,41.50750,1.2355,0.3352,41.48632,-72.95047,41.4685,41.5065,-72.9705,-72.9295,184,205,211,201,221,0,0,0,0,0,
1068,Colebrook,2.899498,810,2.8295,3.0603,12.3317,3.7993,-73.04350,41.97250,-73.09650,42.01050,0.9246,0.2396,41.98558,-73.07092,41.9695,42.0095,-73.1005,-73.0425,185,164,200,114,151,0,0,0,0,0,
891,Mansfield,2.895918,809,2.0013,3.3197,12.4020,3.3861,-72.34150,41.80450,-72.28250,41.82550,0.6029,0.2366,41.81353,-72.31510,41.8005,41.8285,-72.3465,-72.2835,186,162,308,99,184,0,0,0,0,0,
820,Litchfield,2.874441,803,2.2084,2.3341,9.6028,2.3985,-73.20750,41.73850,-73.25250,41.74650,0.9461,0.3917,41.74155,-73.23057,41.7255,41.7565,-73.2525,-73.2085,187,227,275,173,289,0,0,0,0,0,
405,Southbury,2.849383,796,2.6915,1.9192,10.1198,2.9654,-73.25850,41.43850,-73.28250,41.47750,1.4024,0.3496,41.45843,-73.26591,41.4385,41.4765,-73.2835,-73.2475,188,213,210,230,222,0,0,0,0,0,
678,Sterling,2.831485,791,4.5548,1.2449,12.2218,4.5692,-71.83550,41.61850,-71.84250,41.68450,3.6588,0.2382,41.65255,-71.83574,41.6185,41.6835,-71.8465,-71.8235,189,166,93,374,114,0,0,0,0,0,
79,New Canaan,2.817167,787,1.9323,2.4379,9.4305,2.4996,-73.52650,41.18050,-73.47950,41.18850,0.7926,0.3981,41.18321,-73.50385,41.1705,41.1975,-73.5265,-73.4805,190,233,311,158,278,0,0,0,0,0,
575,Voluntown,2.813587,786,1.3112,3.4753,10.9532,3.5189,-71.81950,41.56950,-71.88650,41.56150,0.3773,0.2947,41.56422,-71.85272,41.5545,41.5725,-71.8865,-71.8205,191,197,451,87,171,0,0,0,0,0,
496,Colchester,2.810007,785,3.2436,1.8673,11.9493,3.3129,-72.29450,41.50450,-72.30750,41.55150,1.7370,0.2473,41.53203,-72.29679,41.5045,41.5505,-72.3105,-72.2755,192,169,161,241,191,0,0,0,0,0,
837,Coventry,2.756313,770,3.3816,1.9192,11.4657,3.3959,-72.37950,41.74650,-72.38550,41.79550,1.7620,0.2635,41.77206,-72.38420,41.7465,41.7945,-72.4045,-72.3685,193,185,154,231,183,0,0,0,0,0,
330,Hamden,2.749154,768,2.7605,2.2304,11.2943,3.1437,-72.92050,41.38250,-72.94950,41.42250,1.2377,0.2708,41.40476,-72.92930,41.3825,41.4215,-72.9515,-72.9095,194,189,204,189,204,0,0,0,0,0,
558,Meriden,2.745574,767,3.3816,2.9566,12.8143,4.0180,-72.76750,41.59050,-72.82250,41.54950,1.1438,0.2101,41.56312,-72.79672,41.5425,41.5905,-72.8235,-72.7675,195,159,153,119,136,0,0,0,0,0,
464,Bridgewater,2.741994,766,3.5886,2.4379,13.1932,3.8849,-73.40150,41.52250,-73.35650,41.47750,1.4720,0.1980,41.50625,-73.37702,41.4775,41.5285,-73.4025,-73.3565,196,153,136,161,147,0,0,0,0,0,
442,Salem,2.727676,762,2.2084,1.8673,8.6349,2.3779,-72.30150,41.46450,-72.28450,41.49650,1.1827,0.4597,41.47936,-72.29206,41.4645,41.4955,-72.3075,-72.2725,197,263,270,240,295,0,0,0,0,0,
1016,Barkhamsted,2.720517,760,4.2787,1.9710,13.1220,4.4862,-72.98050,41.91750,-73.00650,41.97950,2.1708,0.1985,41.94315,-72.99622,41.9175,41.9785,-73.0125,-72.9755,198,154,111,226,116,0,0,0,0,0,
1098,Salisbury,2.695459,753,2.9675,1.9710,10.6367,3.4520,-73.43150,41.99550,-73.46550,42.03850,1.5055,0.2994,42.01666,-73.44746,41.9955,42.0375,-73.4665,-73.4295,199,202,188,228,179,0,0,0,0,0,
331,Newtown,2.688300,751,4.7618,2.0229,15.7128,4.8525,-73.25450,41.38350,-73.23650,41.45250,2.3539,0.1368,41.41054,-73.25300,41.3835,41.4515,-73.2725,-73.2345,200,117,83,217,103,0,0,0,0,0,
979,Sharon,2.688300,751,3.2436,2.7491,13.2275,4.0795,-73.44750,41.88850,-73.39650,41.93350,1.1799,0.1931,41.91611,-73.42859,41.8885,41.9345,-73.4485,-73.3965,201,152,164,138,133,0,0,0,0,0,
364,Montville,2.681141,749,3.7266,1.2967,11.3954,3.8070,-72.11450,41.41050,-72.12950,41.46450,2.8738,0.2595,41.43752,-72.12031,41.4105,41.4635,-72.1335,-72.1095,202,187,131,359,150,0,0,0,0,0,
856,Hampton,2.670402,746,2.2774,1.6080,8.4969,2.5351,-72.01550,41.76550,-72.03950,41.79750,1.4163,0.4648,41.78279,-72.02559,41.7655,41.7975,-72.0415,-72.0115,203,268,267,287,272,0,0,0,0,0,
372,North Stonington,2.666822,745,1.7253,2.9047,9.8121,2.9178,-71.92250,41.43050,-71.86650,41.42650,0.5940,0.3481,41.42882,-71.89844,41.4165,41.4405,-71.9225,-71.8675,204,220,345,122,228,0,0,0,0,0,
335,Newtown,2.656083,742,2.1394,2.4379,9.2925,2.4535,-73.37350,41.40550,-73.32650,41.40150,0.8776,0.3865,41.39977,-73.35334,41.3855,41.4155,-73.3735,-73.3275,205,240,282,159,281,0,0,0,0,0,
1054,Canaan,2.638185,737,3.5196,2.1267,11.8112,3.7000,-73.35750,41.95950,-73.33550,42.01050,1.6550,0.2376,41.98052,-73.34126,41.9595,42.0095,-73.3585,-73.3185,206,170,143,208,155,0,0,0,0,0,
739,Hebron,2.580911,721,3.3126,1.5042,9.7373,3.3385,-72.37550,41.71550,-72.36750,41.66750,2.2022,0.3421,41.68910,-72.37524,41.6675,41.7145,-72.3905,-72.3625,207,223,157,313,187,0,0,0,0,0,
850,Kent,2.566593,717,2.0013,2.0748,8.1523,2.1461,-73.38050,41.76150,-73.39850,41.78950,0.9646,0.4853,41.77468,-73.39225,41.7605,41.7885,-73.4135,-73.3745,208,280,306,214,333,0,0,0,0,0,
1069,Woodstock,2.563013,716,2.8985,1.9710,11.9853,3.2898,-72.01450,41.97050,-72.04450,42.01250,1.4705,0.2242,41.98786,-72.03373,41.9705,42.0115,-72.0505,-72.0135,209,168,194,227,193,0,0,0,0,0,
271,Seymour,2.516478,703,4.1407,1.6080,13.8139,4.2336,-73.05250,41.39550,-73.06950,41.33550,2.5751,0.1657,41.36316,-73.06587,41.3355,41.3945,-73.0785,-73.0485,210,143,117,279,127,0,0,0,0,0,
325,Hamden,2.516478,703,3.1055,1.5042,9.6345,3.2428,-72.88650,41.42050,-72.90450,41.37550,2.0645,0.3407,41.39835,-72.89775,41.3755,41.4195,-72.9105,-72.8825,211,226,173,306,196,0,0,0,0,0,
532,Meriden,2.516478,703,2.4844,1.9710,9.4982,2.7293,-72.83650,41.52950,-72.86550,41.56250,1.2605,0.3505,41.54541,-72.85084,41.5295,41.5645,-72.8665,-72.8295,212,230,231,224,250,0,0,0,0,0,
497,North Stonington,2.505739,700,1.7253,2.9566,11.5378,3.1327,-71.93150,41.50750,-71.98750,41.52450,0.5835,0.2365,41.51927,-71.96126,41.5045,41.5285,-71.9885,-71.9325,213,179,349,118,206,0,0,0,0,0,
312,Stonington,2.502159,699,2.3464,1.6080,8.1162,2.3828,-71.92750,41.40350,-71.93550,41.36950,1.4592,0.4773,41.38624,-71.93814,41.3695,41.4025,-71.9545,-71.9245,214,283,252,282,293,0,0,0,0,0,
645,Griswold,2.487841,695,2.3464,3.0084,11.6759,3.0368,-71.97550,41.60850,-71.91750,41.61450,0.7799,0.2293,41.61392,-71.94627,41.5975,41.6305,-71.9755,-71.9185,215,173,255,116,213,0,0,0,0,0,
306,Stonington,2.484261,694,3.1745,2.3341,11.5361,3.2454,-71.87350,41.36750,-71.86050,41.41350,1.3601,0.2346,41.38526,-71.86362,41.3675,41.4125,-71.8905,-71.8465,216,181,166,170,195,0,0,0,0,0,
1046,Suffield,2.477102,692,4.5548,1.4005,13.0517,4.6208,-72.71650,42.01450,-72.73150,41.94850,3.2523,0.1827,41.98299,-72.72326,41.9485,42.0135,-72.7355,-72.7095,217,155,96,345,109,0,0,0,0,0,
1022,Granby,2.430567,679,2.0704,1.7636,7.9096,2.1774,-72.82650,41.95250,-72.81350,41.92250,1.1740,0.4882,41.93847,-72.81538,41.9225,41.9515,-72.8305,-72.7975,218,294,295,263,328,0,0,0,0,0,
951,Windsor,2.398350,670,2.4154,2.2823,9.9132,2.7975,-72.63350,41.87150,-72.67250,41.89950,1.0583,0.3067,41.88257,-72.64903,41.8645,41.8985,-72.6735,-72.6305,219,217,247,184,244,0,0,0,0,0,
968,Cornwall,2.373293,663,2.6915,1.6598,9.1175,2.7188,-73.35350,41.91750,-73.33550,41.88050,1.6215,0.3588,41.89467,-73.34412,41.8785,41.9165,-73.3585,-73.3275,220,247,214,276,251,0,0,0,0,0,
896,Torrington,2.351815,657,3.0365,1.7636,11.0165,3.1344,-73.19250,41.80450,-73.16950,41.84650,1.7218,0.2435,41.83494,-73.18077,41.8045,41.8475,-73.1965,-73.1635,221,196,178,262,205,0,0,0,0,0,
779,Plainfield,2.348235,656,2.0013,2.4379,9.4305,2.8361,-71.90750,41.71850,-71.95450,41.69750,0.8209,0.3318,41.70189,-71.92875,41.6905,41.7185,-71.9545,-71.9085,222,234,304,163,238,0,0,0,0,0,
913,Sharon,2.348235,656,2.9675,1.5042,9.1509,3.0814,-73.42850,41.86350,-73.41250,41.82050,1.9728,0.3524,41.84344,-73.41986,41.8205,41.8625,-73.4355,-73.4075,223,246,187,319,209,0,0,0,0,0,
133,Redding,2.326758,650,3.2436,1.8673,10.4292,3.2848,-73.41050,41.24850,-73.40050,41.29550,1.7370,0.2688,41.27264,-73.40885,41.2485,41.2945,-73.4265,-73.3915,224,209,158,237,194,0,0,0,0,0,
939,New Hartford,2.326758,650,2.4154,2.4897,10.0521,3.1160,-73.06050,41.87750,-73.01950,41.84450,0.9701,0.2894,41.85985,-73.03939,41.8425,41.8765,-73.0665,-73.0195,225,215,246,157,207,0,0,0,0,0,
555,Bridgewater,2.323178,649,2.1394,2.3341,9.1888,2.3652,-73.33550,41.55450,-73.37650,41.56950,0.9166,0.3458,41.55730,-73.36190,41.5405,41.5705,-73.3805,-73.3365,226,245,285,172,296,0,0,0,0,0,
909,Pomfret,2.323178,649,2.2084,1.7117,8.9101,2.5351,-71.90150,41.81350,-71.92550,41.84550,1.2902,0.3677,41.83028,-71.91321,41.8135,41.8445,-71.9305,-71.8985,227,254,277,272,273,0,0,0,0,0,
830,Plainfield,2.273063,635,2.9675,1.5042,9.0815,2.9896,-71.88250,41.73550,-71.88950,41.77850,1.9728,0.3463,41.75419,-71.88524,41.7355,41.7775,-71.9005,-71.8725,228,250,186,315,220,0,0,0,0,0,
449,North Stonington,2.222948,621,2.8985,1.9710,11.3989,3.3146,-71.92950,41.46950,-71.96050,41.51150,1.4705,0.2150,41.49106,-71.94444,41.4695,41.5105,-71.9655,-71.9285,229,186,192,222,190,0,0,0,0,0,
866,Hartford,2.169254,606,2.4844,1.7636,8.8072,2.8741,-72.63250,41.80750,-72.66450,41.77350,1.4087,0.3514,41.79097,-72.64876,41.7735,41.8085,-72.6655,-72.6325,230,258,234,260,234,0,0,0,0,0,
742,Farmington,2.165674,605,2.8985,1.4524,9.2547,2.9359,-72.81550,41.71150,-72.82450,41.66950,1.9957,0.3177,41.69043,-72.81855,41.6695,41.7105,-72.8305,-72.8035,231,243,193,329,223,0,0,0,0,0,
1131,North Canaan,2.165674,605,1.9323,2.6454,9.8455,2.7924,-73.27050,42.02550,-73.32050,42.04050,0.7305,0.2808,42.03375,-73.29297,42.0165,42.0435,-73.3205,-73.2705,232,219,321,146,245,0,0,0,0,0,
656,Lebanon,2.162095,604,1.6563,2.2304,7.7734,2.2821,-72.25050,41.61750,-72.20750,41.61050,0.7426,0.4496,41.61533,-72.22732,41.6045,41.6275,-72.2505,-72.2085,233,299,366,191,309,0,0,0,0,0,
1021,Woodstock,2.158515,603,2.4154,2.2304,9.6714,2.9307,-72.05650,41.92050,-72.02450,41.95550,1.0830,0.2900,41.94077,-72.04060,41.9205,41.9545,-72.0575,-72.0155,234,224,249,195,224,0,0,0,0,0,
95,Bridgeport,2.154936,602,2.1394,1.5042,7.7364,2.3342,-73.20650,41.24150,-73.18850,41.21050,1.4222,0.4524,41.22511,-73.19828,41.2105,41.2405,-73.2125,-73.1845,235,304,279,300,301,0,0,0,0,0,
402,Cheshire,2.154936,602,1.9323,2.2304,8.5672,2.3347,-72.86950,41.45250,-72.91250,41.46250,0.8664,0.3689,41.45295,-72.89614,41.4365,41.4635,-72.9125,-72.8705,236,264,315,190,300,0,0,0,0,0,
897,New Hartford,2.147776,600,3.0365,1.1411,9.0815,3.0722,-72.98850,41.80450,-72.99750,41.84850,2.6610,0.3273,41.82601,-72.99294,41.8045,41.8475,-73.0035,-72.9825,237,251,179,402,210,0,0,0,0,0,
357,Wallingford,2.133458,596,2.1394,2.1785,8.6358,2.3082,-72.81950,41.42550,-72.77850,41.41250,0.9820,0.3595,41.42021,-72.79699,41.4035,41.4335,-72.8195,-72.7785,238,262,283,198,303,0,0,0,0,0,
953,Pomfret,2.133458,596,2.0704,3.0603,10.8134,3.5029,-72.02550,41.89350,-71.96750,41.86750,0.6765,0.2293,41.88223,-72.00091,41.8665,41.8955,-72.0265,-71.9685,239,199,294,113,173,0,0,0,0,0,
94,Wilton,2.122719,593,2.8295,1.5561,9.3584,2.9212,-73.43450,41.20750,-73.44850,41.24850,1.8183,0.3046,41.22430,-73.44335,41.2075,41.2475,-73.4555,-73.4265,240,237,195,290,227,0,0,0,0,0,
356,Oxford,2.119139,592,1.9323,3.7346,12.8522,3.9732,-73.08850,41.42950,-73.15750,41.40450,0.5174,0.1612,41.41854,-73.11849,41.4035,41.4305,-73.1575,-73.0865,241,158,313,77,138,0,0,0,0,0,
371,Lyme,2.111980,590,1.7943,1.9710,7.9105,2.3941,-72.32850,41.41550,-72.29650,41.44050,0.9103,0.4241,41.42538,-72.30865,41.4155,41.4405,-72.3295,-72.2925,242,293,336,221,291,0,0,0,0,0,
853,Mansfield,2.101241,587,1.8633,1.9192,7.5650,2.0655,-72.26950,41.78650,-72.24250,41.76450,0.9709,0.4614,41.77675,-72.25472,41.7645,41.7905,-72.2715,-72.2355,243,309,329,232,344,0,0,0,0,0,
832,Litchfield,2.079763,581,1.5873,2.2823,8.1189,2.4052,-73.14850,41.75350,-73.10450,41.74250,0.6955,0.3965,41.74941,-73.12451,41.7375,41.7595,-73.1485,-73.1055,244,282,391,183,287,0,0,0,0,0,
1037,Enfield,2.069024,578,3.5196,1.4524,11.5686,3.6862,-72.57250,41.98650,-72.59750,41.93650,2.4234,0.1943,41.96110,-72.58610,41.9365,41.9865,-72.5985,-72.5715,245,178,142,333,158,0,0,0,0,0,
707,Sherman,2.051126,573,2.0013,1.8673,7.9448,2.1351,-73.51250,41.65450,-73.47650,41.66950,1.0718,0.4084,41.66102,-73.49396,41.6475,41.6755,-73.5125,-73.4775,246,291,301,244,335,0,0,0,0,0,
190,Orange,2.047547,572,2.6915,1.5042,8.7026,2.7094,-73.00950,41.32750,-73.01550,41.28850,1.7893,0.3397,41.30385,-73.01097,41.2885,41.3265,-73.0245,-72.9965,247,261,209,305,254,0,0,0,0,0,
1079,Suffield,2.047547,572,2.6225,1.6080,9.0833,2.6352,-72.69850,41.98050,-72.70350,42.01850,1.6309,0.3119,41.99790,-72.69044,41.9805,42.0175,-72.7045,-72.6745,248,248,223,289,261,0,0,0,0,0,
940,Eastford,2.029649,567,2.1394,1.9192,8.8433,2.7726,-72.08050,41.87450,-72.04650,41.84350,1.1147,0.3261,41.85857,-72.06227,41.8435,41.8735,-72.0825,-72.0465,249,256,289,234,247,0,0,0,0,0,
973,Goshen,2.022489,565,1.5873,2.5416,8.5338,2.7523,-73.21350,41.88350,-73.26150,41.90050,0.6245,0.3490,41.89169,-73.23680,41.8815,41.9035,-73.2615,-73.2135,250,265,395,153,248,0,0,0,0,0,
775,Morris,2.001012,559,2.9675,1.7636,9.7734,3.0551,-73.16350,41.68650,-73.17750,41.72950,1.6827,0.2633,41.70353,-73.17471,41.6865,41.7285,-73.1905,-73.1575,251,221,185,258,212,0,0,0,0,0,
998,Norfolk,1.979534,553,2.4844,1.8154,8.9452,2.8184,-73.16650,41.90650,-73.19450,41.94150,1.3685,0.3109,41.92579,-73.18421,41.9055,41.9405,-73.2005,-73.1665,252,253,236,253,242,0,0,0,0,0,
337,Stonington,1.965215,549,2.2774,1.1930,8.0125,2.5025,-71.87350,41.41850,-71.89350,41.38550,1.9090,0.3847,41.40031,-71.88300,41.3855,41.4175,-71.8945,-71.8725,253,290,261,384,277,0,0,0,0,0,
275,Hamden,1.961636,548,2.1394,1.6080,7.8402,2.1897,-72.94650,41.33850,-72.95550,41.36950,1.3305,0.4010,41.35267,-72.94685,41.3385,41.3685,-72.9605,-72.9305,254,296,281,280,325,0,0,0,0,0,
479,Naugatuck,1.947317,544,2.0013,1.7636,8.2903,2.0074,-73.02350,41.52550,-73.02650,41.49650,1.1348,0.3560,41.51089,-73.03417,41.4965,41.5245,-73.0535,-73.0205,255,273,299,255,351,0,0,0,0,0,
498,Woodbury,1.940158,542,2.2084,1.5042,7.7707,2.2593,-73.21450,41.53750,-73.22850,41.50650,1.4681,0.4038,41.51813,-73.22059,41.5055,41.5365,-73.2365,-73.2085,256,300,271,310,312,0,0,0,0,0,
112,Easton,1.925839,538,2.8295,3.4753,13.8526,3.6071,-73.28550,41.25650,-73.21850,41.24250,0.8142,0.1261,41.25149,-73.25494,41.2335,41.2735,-73.2855,-73.2195,257,141,196,86,164,0,0,0,0,0,
802,Windham,1.915100,535,2.2774,1.3486,7.3900,2.3149,-72.15350,41.73750,-72.14550,41.70450,1.6887,0.4407,41.71984,-72.15065,41.7045,41.7365,-72.1615,-72.1365,258,314,266,356,302,0,0,0,0,0,
732,Canterbury,1.900782,531,1.6563,2.2304,8.4292,2.4307,-72.00350,41.68450,-72.04650,41.67050,0.7426,0.3362,41.67111,-72.02601,41.6615,41.6845,-72.0465,-72.0045,259,270,368,192,284,0,0,0,0,0,
361,Lyme,1.882884,526,1.5873,2.3860,8.2226,2.5530,-72.33950,41.42950,-72.38250,41.41150,0.6652,0.3500,41.41949,-72.35998,41.4085,41.4305,-72.3845,-72.3395,260,279,384,166,271,0,0,0,0,0,
359,Beacon Falls,1.864986,521,2.0704,2.4379,11.5703,2.7117,-73.06550,41.41050,-73.02050,41.43050,0.8492,0.1751,41.42494,-73.04801,41.4065,41.4355,-73.0665,-73.0205,261,177,290,160,253,0,0,0,0,0,
48,New Canaan,1.861406,520,1.5873,1.8154,8.0828,1.9967,-73.53150,41.14550,-73.50650,41.12350,0.8743,0.3580,41.13486,-73.52115,41.1235,41.1455,-73.5405,-73.5065,262,287,376,248,354,0,0,0,0,0,
452,Cheshire,1.861406,520,1.7253,1.6080,6.8045,2.0517,-72.88850,41.49150,-72.91650,41.47050,1.0730,0.5052,41.48117,-72.90319,41.4705,41.4945,-72.9185,-72.8885,263,339,346,285,345,0,0,0,0,0,
748,New Britain,1.843508,515,2.7605,1.7117,9.0824,2.8298,-72.77650,41.67250,-72.78850,41.71250,1.6127,0.2808,41.69142,-72.77739,41.6725,41.7115,-72.7925,-72.7605,264,249,205,271,239,0,0,0,0,0,
978,Putnam,1.839928,514,1.6563,2.0748,7.7382,2.2093,-71.86550,41.89650,-71.82550,41.90750,0.7983,0.3861,41.89808,-71.84241,41.8875,41.9105,-71.8655,-71.8265,265,301,374,215,323,0,0,0,0,0,
620,Lisbon,1.818451,508,1.7943,2.0748,8.9804,2.3414,-72.00050,41.58450,-72.02950,41.61050,0.8648,0.2833,41.59569,-72.01417,41.5845,41.6095,-72.0355,-71.9965,266,252,337,211,298,0,0,0,0,0,
300,Deep River,1.814871,507,1.8633,2.0229,8.2903,2.2125,-72.53750,41.36050,-72.51450,41.38750,0.9211,0.3318,41.37143,-72.51922,41.3605,41.3865,-72.5385,-72.5005,267,272,325,216,321,0,0,0,0,0,
854,Chaplin,1.807712,505,2.4154,1.8154,8.8767,2.5869,-72.11750,41.76450,-72.09650,41.79850,1.3305,0.2883,41.77689,-72.10550,41.7645,41.7985,-72.1255,-72.0915,268,255,245,252,268,0,0,0,0,0,
227,Redding,1.804132,504,2.8985,2.1267,11.5352,3.3056,-73.37050,41.31150,-73.40750,41.35050,1.3629,0.1704,41.33260,-73.39058,41.3085,41.3495,-73.4105,-73.3705,269,182,190,205,192,0,0,0,0,0,
770,Plainfield,1.804132,504,1.5183,2.1267,7.2898,2.2155,-71.89350,41.68550,-71.85250,41.69450,0.7139,0.4266,41.69206,-71.87454,41.6825,41.7035,-71.8935,-71.8535,270,319,406,207,320,0,0,0,0,0,
1035,Thompson,1.804132,504,1.9323,1.5561,7.1149,2.1461,-71.92650,41.93450,-71.94450,41.96250,1.2418,0.4479,41.95045,-71.92956,41.9345,41.9615,-71.9455,-71.9165,271,328,319,297,334,0,0,0,0,0,
451,Southbury,1.786234,499,2.5534,1.4524,9.2565,2.6547,-73.23650,41.47050,-73.25050,41.50750,1.7581,0.2620,41.48859,-73.24492,41.4705,41.5065,-73.2575,-73.2305,272,242,226,326,258,0,0,0,0,0,
248,Guilford,1.779075,497,3.3816,1.3486,10.0828,3.4294,-72.70250,41.31850,-72.71350,41.36750,2.5075,0.2199,41.34450,-72.71328,41.3185,41.3665,-72.7255,-72.7005,273,214,149,348,181,0,0,0,0,0,
467,Salem,1.754017,490,1.7253,2.0748,7.6002,2.0759,-72.27450,41.49750,-72.23450,41.49850,0.8316,0.3816,41.49567,-72.25709,41.4825,41.5065,-72.2745,-72.2355,274,308,348,210,342,0,0,0,0,0,
161,Easton,1.746858,488,2.2774,1.5042,8.5312,2.2986,-73.28050,41.27650,-73.27450,41.30950,1.5140,0.3016,41.29361,-73.28437,41.2765,41.3085,-73.2995,-73.2715,275,266,258,304,305,0,0,0,0,0,
303,Woodbridge,1.743278,487,3.3816,0.9855,9.5641,3.4010,-72.98750,41.36350,-72.99450,41.41250,3.4313,0.2395,41.38807,-72.98945,41.3635,41.4115,-72.9965,-72.9785,276,229,150,446,182,0,0,0,0,0,
893,Coventry,1.725380,482,2.7605,1.2449,8.1144,2.8845,-72.35250,41.80350,-72.37250,41.84250,2.2175,0.3293,41.81767,-72.36338,41.8025,41.8415,-72.3735,-72.3505,277,285,206,376,232,0,0,0,0,0,
499,Salem,1.718221,480,1.5873,1.7117,6.5979,1.8456,-72.25750,41.51350,-72.29050,41.52350,0.9273,0.4960,41.51673,-72.27482,41.5055,41.5275,-72.2905,-72.2585,278,351,386,269,382,0,0,0,0,0,
460,Wallingford,1.707482,477,1.5873,2.2823,8.2569,2.4120,-72.83150,41.48150,-72.87350,41.49650,0.6955,0.3147,41.48599,-72.85219,41.4745,41.4965,-72.8745,-72.8315,279,275,385,179,286,0,0,0,0,0,
533,Meriden,1.689584,472,2.2774,2.3341,9.3268,2.8231,-72.73750,41.56250,-72.77450,41.53250,0.9757,0.2441,41.54224,-72.76286,41.5295,41.5615,-72.7815,-72.7375,280,238,264,171,240,0,0,0,0,0,
587,Middletown,1.686004,471,2.2774,2.0229,9.5668,2.6467,-72.70850,41.56650,-72.68250,41.59950,1.1258,0.2315,41.58232,-72.69258,41.5665,41.5985,-72.7155,-72.6775,281,228,265,218,259,0,0,0,0,0,
627,Griswold,1.686004,471,1.5183,2.2823,8.1189,2.2989,-71.94650,41.59150,-71.90250,41.58750,0.6652,0.3214,41.59470,-71.92567,41.5865,41.6075,-71.9465,-71.9035,282,281,404,182,304,0,0,0,0,0,
762,Columbia,1.675265,468,2.0013,1.5042,7.7373,2.1119,-72.31450,41.70750,-72.32750,41.67850,1.3305,0.3517,41.69185,-72.32446,41.6785,41.7065,-72.3385,-72.3105,283,303,303,314,337,0,0,0,0,0,
711,Bethlehem,1.671686,467,1.6563,1.3486,6.0098,1.7246,-73.23950,41.65250,-73.25250,41.67550,1.2281,0.5816,41.66303,-73.24900,41.6515,41.6745,-73.2625,-73.2375,284,371,367,354,404,0,0,0,0,0,
934,Cornwall,1.660947,464,2.6915,1.6080,9.4279,3.0340,-73.32250,41.83950,-73.29550,41.87850,1.6738,0.2348,41.86157,-73.31340,41.8395,41.8775,-73.3255,-73.2955,285,236,213,288,214,0,0,0,0,0,
534,East Hampton,1.653788,462,2.4844,1.5561,8.0810,2.6363,-72.50250,41.56550,-72.48550,41.52950,1.5966,0.3182,41.54636,-72.49125,41.5295,41.5645,-72.5055,-72.4765,286,288,232,292,260,0,0,0,0,0,
793,Burlington,1.621571,453,2.5534,1.2967,8.5303,2.5619,-72.96750,41.70150,-72.96350,41.73850,1.9691,0.2800,41.71810,-72.96064,41.7015,41.7375,-72.9705,-72.9465,287,267,227,362,269,0,0,0,0,0,
1025,Willington,1.610832,450,2.6225,1.4524,8.7369,2.7078,-72.24350,41.96050,-72.23050,41.92250,1.8057,0.2652,41.93922,-72.24362,41.9225,41.9595,-72.2555,-72.2285,288,260,222,332,255,0,0,0,0,0,
831,Litchfield,1.596514,446,4.2787,0.9855,11.0472,4.3399,-73.17850,41.73650,-73.19250,41.79850,4.3416,0.1644,41.76597,-73.18315,41.7365,41.7975,-73.1935,-73.1755,289,195,110,463,123,0,0,0,0,0,
437,Naugatuck,1.592934,445,1.9323,2.7491,10.5708,2.9258,-73.01950,41.48950,-73.06850,41.46850,0.7029,0.1791,41.47655,-73.04009,41.4625,41.4895,-73.0685,-73.0165,290,203,316,135,225,0,0,0,0,0,
11,Greenwich,1.585775,443,3.4506,2.2304,11.6037,3.9234,-73.66950,41.03850,-73.70550,41.08850,1.5471,0.1480,41.06442,-73.68559,41.0385,41.0875,-73.7075,-73.6655,291,175,144,188,142,0,0,0,0,0,
758,Litchfield,1.571456,439,1.8633,1.8673,7.8068,2.2053,-73.15650,41.70350,-73.12050,41.68650,0.9979,0.3240,41.68987,-73.14055,41.6775,41.7035,-73.1565,-73.1215,292,297,328,245,324,0,0,0,0,0,
859,Brooklyn,1.564297,437,2.1394,1.5042,7.4947,2.2593,-71.98750,41.79950,-72.00150,41.76850,1.4222,0.3500,41.78446,-71.99212,41.7685,41.7985,-72.0035,-71.9755,293,311,287,317,313,0,0,0,0,0,
651,New Milford,1.549979,433,2.2084,1.4005,7.2177,2.3976,-73.47650,41.63250,-73.45850,41.60050,1.5769,0.3739,41.61450,-73.46822,41.6005,41.6315,-73.4805,-73.4545,294,325,273,340,290,0,0,0,0,0,
231,New Haven,1.539240,430,1.5873,1.8673,7.4613,1.9422,-72.96450,41.32250,-72.92950,41.31250,0.8500,0.3474,41.31918,-72.94646,41.3105,41.3325,-72.9655,-72.9305,295,312,378,238,361,0,0,0,0,0,
666,Glastonbury,1.535660,429,3.5196,0.9855,10.0477,3.5383,-72.61150,41.66250,-72.60450,41.61150,3.5713,0.1912,41.63575,-72.61291,41.6115,41.6615,-72.6225,-72.6045,296,216,139,458,169,0,0,0,0,0,
447,North Stonington,1.510603,422,2.8985,1.5042,9.4622,3.0297,-71.91250,41.46750,-71.89550,41.50950,1.9269,0.2120,41.48776,-71.91220,41.4675,41.5085,-71.9235,-71.8955,297,232,191,309,215,0,0,0,0,0,
654,New Milford,1.489125,416,2.6225,1.2449,8.0802,2.6245,-73.41150,41.64250,-73.40950,41.60450,2.1066,0.2866,41.62396,-73.40769,41.6045,41.6415,-73.4165,-73.3935,298,289,220,373,263,0,0,0,0,0,
878,Sharon,1.464067,409,2.2774,1.7636,8.2894,2.5954,-73.45750,41.78650,-73.43350,41.81950,1.2914,0.2677,41.80512,-73.45229,41.7865,41.8185,-73.4665,-73.4335,299,274,268,261,267,0,0,0,0,0,
1017,Woodstock,1.453329,406,3.6576,0.9337,10.2200,3.6708,-72.06650,41.97050,-72.07250,41.91750,3.9175,0.1749,41.94480,-72.06918,41.9175,41.9695,-72.0775,-72.0605,300,212,134,494,159,0,0,0,0,0,
1041,Thompson,1.449749,405,1.9323,1.6598,7.5641,2.2182,-71.82550,41.94450,-71.84650,41.97250,1.1642,0.3184,41.95909,-71.84049,41.9445,41.9715,-71.8565,-71.8255,301,310,320,277,319,0,0,0,0,0,
530,Woodbury,1.431851,400,1.2422,1.6080,5.8041,1.7782,-73.17650,41.54450,-73.14550,41.53350,0.7725,0.5341,41.53589,-73.16371,41.5285,41.5455,-73.1765,-73.1465,302,377,468,286,390,0,0,0,0,0,
798,Windham,1.417532,396,1.7253,1.6598,6.7703,1.9145,-72.18450,41.72750,-72.16850,41.70250,1.0394,0.3886,41.71295,-72.18405,41.7025,41.7265,-72.1995,-72.1685,303,341,356,274,365,0,0,0,0,0,
1012,Ellington,1.399634,391,2.4154,1.3486,7.7355,2.6087,-72.31150,41.94850,-72.33050,41.91350,1.7910,0.2939,41.92937,-72.32170,41.9135,41.9475,-72.3355,-72.3105,304,306,248,357,266,0,0,0,0,0,
824,East Hartford,1.388895,388,1.5873,1.0893,5.3531,1.7677,-72.59750,41.72950,-72.58250,41.75250,1.4572,0.6091,41.74001,-72.58970,41.7295,41.7515,-72.5995,-72.5795,305,407,390,422,391,0,0,0,0,0,
250,Killingworth,1.370997,383,1.8633,1.5561,7.0463,1.8891,-72.55050,41.32050,-72.54450,41.34750,1.1974,0.3470,41.33636,-72.55251,41.3205,41.3465,-72.5665,-72.5375,306,331,323,291,370,0,0,0,0,0,
391,Wallingford,1.360258,380,2.4844,1.4524,8.8415,2.5279,-72.86350,41.43050,-72.87250,41.46650,1.7106,0.2187,41.44879,-72.85854,41.4305,41.4655,-72.8735,-72.8465,307,257,230,323,274,0,0,0,0,0,
408,Durham,1.360258,380,1.6563,1.7117,6.7360,1.8993,-72.66950,41.46250,-72.64750,41.44050,0.9676,0.3767,41.45343,-72.65386,41.4405,41.4635,-72.6705,-72.6385,308,343,362,268,367,0,0,0,0,0,
991,Tolland,1.338781,374,2.0013,1.2449,6.8037,2.0675,-72.35850,41.89950,-72.36850,41.92850,1.6077,0.3634,41.91603,-72.35887,41.8995,41.9275,-72.3705,-72.3475,309,340,310,378,343,0,0,0,0,0,
435,Montville,1.335201,373,3.0365,1.6080,9.2890,3.1620,-72.06650,41.46150,-72.08350,41.50550,1.8884,0.1945,41.48646,-72.08073,41.4615,41.5045,-72.0945,-72.0645,310,241,175,284,202,0,0,0,0,0,
520,Waterbury,1.324462,370,1.5873,1.2449,5.7680,1.6867,-73.06850,41.52150,-73.05750,41.54450,1.2750,0.5003,41.53196,-73.06565,41.5215,41.5435,-73.0785,-73.0555,311,382,387,370,410,0,0,0,0,0,
708,Washington,1.313723,367,1.7253,1.6598,7.1843,2.1690,-73.32250,41.64850,-73.34950,41.67250,1.0394,0.3198,41.65689,-73.33671,41.6475,41.6715,-73.3535,-73.3225,312,326,353,273,329,0,0,0,0,0,
22,Greenwich,1.306564,365,2.4844,1.5042,8.1153,2.7127,-73.68150,41.08750,-73.66050,41.05150,1.6516,0.2493,41.06987,-73.66732,41.0515,41.0865,-73.6825,-73.6545,313,284,229,299,252,0,0,0,0,0,
151,Redding,1.302984,364,1.6563,1.5042,6.5628,1.8526,-73.43750,41.26950,-73.42150,41.29350,1.1011,0.3802,41.28141,-73.43423,41.2695,41.2925,-73.4495,-73.4215,314,353,358,303,380,0,0,0,0,0,
423,Ledyard,1.295825,362,1.8633,1.1930,6.2164,1.9816,-72.02450,41.44750,-72.03750,41.47450,1.5619,0.4214,41.45783,-72.03186,41.4475,41.4735,-72.0425,-72.0205,315,362,327,385,356,0,0,0,0,0,
924,Ashford,1.292245,361,2.0013,1.0893,6.3887,2.2308,-72.18850,41.82750,-72.16950,41.85650,1.8373,0.3979,41.84123,-72.17904,41.8275,41.8555,-72.1895,-72.1695,316,358,309,423,318,0,0,0,0,0,
600,Franklin,1.288666,360,2.2084,1.2967,7.3215,2.2470,-72.14250,41.60550,-72.15050,41.57350,1.7030,0.3021,41.58960,-72.14458,41.5735,41.6045,-72.1555,-72.1315,317,317,272,360,315,0,0,0,0,0,
222,New Haven,1.274347,356,1.5873,1.0893,5.4568,1.6283,-72.99150,41.30450,-72.98450,41.32750,1.4572,0.5378,41.31555,-72.98522,41.3045,41.3265,-72.9955,-72.9755,318,402,377,412,424,0,0,0,0,0,
752,Hebron,1.263608,353,1.0352,2.1785,6.5654,2.2314,-72.45850,41.67550,-72.41650,41.68250,0.4752,0.3684,41.68085,-72.43968,41.6745,41.6885,-72.4585,-72.4175,319,352,539,202,317,0,0,0,0,0,
292,Bethel,1.260029,352,1.3112,1.8154,7.7373,1.9954,-73.34050,41.35450,-73.37550,41.36650,0.7223,0.2645,41.36106,-73.35930,41.3515,41.3695,-73.3755,-73.3415,320,302,444,250,355,0,0,0,0,0,
900,Goshen,1.242131,347,1.7943,1.2449,6.7351,1.8992,-73.28250,41.80650,-73.27050,41.83250,1.4414,0.3441,41.82172,-73.27766,41.8065,41.8315,-73.2895,-73.2665,321,345,341,377,368,0,0,0,0,0,
386,Wallingford,1.234971,345,1.4492,2.2823,8.2912,2.3481,-72.84550,41.43550,-72.80150,41.44350,0.6350,0.2258,41.43790,-72.82742,41.4265,41.4465,-72.8455,-72.8025,322,271,413,177,297,0,0,0,0,0,
321,Newtown,1.224232,342,1.6563,1.6080,6.6665,1.9111,-73.34550,41.37950,-73.31750,41.39750,1.0301,0.3462,41.38280,-73.32860,41.3735,41.3965,-73.3465,-73.3165,323,348,361,283,366,0,0,0,0,0,
138,Milford,1.213494,339,2.5534,1.5042,8.2533,2.9123,-73.09450,41.25050,-73.06750,41.28750,1.6975,0.2239,41.26671,-73.08312,41.2505,41.2865,-73.0955,-73.0675,324,277,224,302,229,0,0,0,0,0,
875,Goshen,1.213494,339,1.8633,1.5042,6.7351,1.9487,-73.27650,41.78250,-73.26550,41.80950,1.2387,0.3362,41.79510,-73.27510,41.7825,41.8085,-73.2895,-73.2615,325,344,330,318,359,0,0,0,0,0,
20,Greenwich,1.209914,338,1.5183,1.8673,7.2890,1.8788,-73.60750,41.06150,-73.57150,41.06450,0.8131,0.2862,41.06085,-73.59305,41.0485,41.0695,-73.6075,-73.5725,326,320,397,236,374,0,0,0,0,0,
199,Westbrook,1.206334,337,2.2774,1.4005,7.3557,2.6207,-72.46250,41.29250,-72.48750,41.32550,1.6261,0.2802,41.30452,-72.47825,41.2925,41.3245,-72.4885,-72.4625,327,315,259,335,264,0,0,0,0,0,
119,Weston,1.195595,334,1.6563,1.0374,5.7329,1.7518,-73.39050,41.23850,-73.37950,41.26250,1.5966,0.4571,41.25149,-73.38937,41.2385,41.2615,-73.3985,-73.3795,328,385,357,428,394,0,0,0,0,0,
412,Oxford,1.195595,334,2.5534,0.7262,6.8704,2.5555,-73.10650,41.44350,-73.10850,41.48050,3.5163,0.3183,41.46076,-73.10454,41.4435,41.4795,-73.1105,-73.0975,329,337,225,565,270,0,0,0,0,0,
288,Shelton,1.177697,329,1.6563,2.2823,8.4292,2.5061,-73.12050,41.35350,-73.16450,41.36850,0.7257,0.2083,41.36016,-73.14494,41.3485,41.3715,-73.1645,-73.1215,330,269,360,176,276,0,0,0,0,0,
430,Brookfield,1.163379,325,2.2774,1.1411,7.8050,2.2868,-73.34050,41.45550,-73.34450,41.48850,1.9957,0.2400,41.46813,-73.34551,41.4555,41.4875,-73.3565,-73.3355,331,298,263,396,308,0,0,0,0,0,
667,Watertown,1.156220,323,2.4154,1.3486,7.8736,2.6714,-73.06850,41.61350,-73.09050,41.64850,1.7910,0.2344,41.62755,-73.08033,41.6135,41.6475,-73.0915,-73.0665,332,295,242,352,257,0,0,0,0,0,
681,Plainfield,1.152640,322,2.0013,1.1411,6.2850,2.0959,-71.91350,41.62250,-71.92550,41.65150,1.7538,0.3667,41.63854,-71.92194,41.6225,41.6505,-71.9335,-71.9125,333,360,300,400,338,0,0,0,0,0,
41,Stamford,1.149060,321,1.1042,1.8154,6.5294,1.8621,-73.50550,41.10950,-73.54050,41.11550,0.6082,0.3387,41.11267,-73.52315,41.1055,41.1205,-73.5405,-73.5065,334,355,499,247,377,0,0,0,0,0,
554,Middletown,1.141901,319,1.1732,1.7636,6.0116,1.9787,-72.58050,41.54150,-72.61450,41.55450,0.6652,0.3971,41.54713,-72.59688,41.5395,41.5555,-72.6145,-72.5815,335,370,487,256,357,0,0,0,0,0,
658,Washington,1.141901,319,2.4154,1.0893,7.3206,2.4943,-73.32750,41.64150,-73.33950,41.60650,2.2175,0.2678,41.62508,-73.33228,41.6065,41.6405,-73.3415,-73.3215,336,318,241,419,279,0,0,0,0,0,
1057,Stafford,1.138321,318,3.0365,0.7262,7.9404,3.0582,-72.30550,41.96050,-72.31250,42.00450,4.1815,0.2269,41.98279,-72.30673,41.9605,42.0035,-72.3135,-72.3005,337,292,180,583,211,0,0,0,0,0,
644,Berlin,1.134742,317,1.6563,1.2449,6.4933,2.0113,-72.76850,41.59750,-72.79050,41.62150,1.3305,0.3382,41.61049,-72.77737,41.5975,41.6205,-72.7915,-72.7685,338,356,365,372,350,0,0,0,0,0,
491,Colchester,1.124003,314,3.5196,0.6743,9.2177,3.5230,-72.31950,41.55350,-72.32250,41.50250,5.2196,0.1662,41.52695,-72.32225,41.5025,41.5525,-72.3295,-72.3175,339,244,138,599,170,0,0,0,0,0,
472,Meriden,1.120423,313,2.8295,0.9855,8.2525,2.8527,-72.79150,41.48750,-72.78450,41.52850,2.8710,0.2067,41.50410,-72.78798,41.4875,41.5275,-72.7995,-72.7815,340,278,197,453,236,0,0,0,0,0,
954,Canton,1.106105,309,1.5873,1.4524,6.0793,1.7060,-72.90050,41.86850,-72.88550,41.89050,1.0929,0.3761,41.87668,-72.88766,41.8675,41.8895,-72.9025,-72.8755,341,368,394,331,407,0,0,0,0,0,
150,Old Saybrook,1.102525,308,1.3802,1.4524,5.8032,1.5306,-72.38850,41.27150,-72.36050,41.27850,0.9503,0.4114,41.27644,-72.37722,41.2685,41.2875,-72.3885,-72.3615,342,378,429,322,453,0,0,0,0,0,
938,Killingly,1.098946,307,1.8633,0.9855,5.6977,1.8813,-71.86950,41.84150,-71.86450,41.86850,1.8907,0.4254,41.85525,-71.86816,41.8415,41.8675,-71.8775,-71.8595,343,389,331,467,372,0,0,0,0,0,
892,Coventry,1.095366,306,2.0704,0.7780,5.8005,2.0936,-72.38750,41.80250,-72.38150,41.83250,2.6610,0.4091,41.81571,-72.38568,41.8025,41.8315,-72.3925,-72.3785,344,379,292,554,340,0,0,0,0,0,
928,Willington,1.095366,306,1.1042,1.4524,5.2511,1.5306,-72.30250,41.84250,-72.27450,41.83550,0.7603,0.4992,41.84081,-72.28858,41.8335,41.8485,-72.3025,-72.2755,345,414,516,330,454,0,0,0,0,0,
125,Stratford,1.088207,304,1.4492,1.7636,6.8397,1.8725,-73.13950,41.25850,-73.10650,41.24750,0.8218,0.2923,41.25458,-73.11952,41.2435,41.2635,-73.1395,-73.1065,346,338,409,254,375,0,0,0,0,0,
196,Old Lyme,1.084627,303,0.9662,1.6080,5.3900,1.6446,-72.28050,41.30250,-72.31150,41.29750,0.6009,0.4691,41.29714,-72.29701,41.2905,41.3035,-72.3115,-72.2815,347,406,554,278,422,0,0,0,0,0,
446,East Haddam,1.084627,303,1.3112,1.5042,5.7689,1.7382,-72.44550,41.46750,-72.42350,41.48650,0.8717,0.4095,41.47573,-72.43123,41.4675,41.4855,-72.4465,-72.4185,348,380,448,308,397,0,0,0,0,0,
518,Bozrah,1.081047,302,1.3112,1.5042,5.7689,1.5799,-72.20150,41.52850,-72.17250,41.52150,0.8717,0.4082,41.52883,-72.18624,41.5205,41.5385,-72.2015,-72.1735,349,381,450,311,437,0,0,0,0,0,
350,Ledyard,1.034512,289,2.3464,0.9855,6.9751,2.4031,-72.03150,41.39950,-72.04150,41.43350,2.3809,0.2672,41.41575,-72.03464,41.3995,41.4325,-72.0425,-72.0245,350,334,253,447,288,0,0,0,0,0,
141,Shelton,1.027353,287,1.4492,2.1785,8.0837,2.3358,-73.16050,41.25850,-73.11950,41.27250,0.6652,0.1976,41.26730,-73.14607,41.2555,41.2755,-73.1615,-73.1205,351,286,410,196,299,0,0,0,0,0,
720,Washington,1.027353,287,2.0013,1.1930,6.6305,2.0439,-73.37650,41.65550,-73.38450,41.68450,1.6776,0.2937,41.66933,-73.37610,41.6555,41.6835,-73.3855,-73.3635,352,350,302,389,346,0,0,0,0,0,
862,Burlington,1.027353,287,1.1732,1.6598,6.0801,1.6656,-72.98850,41.77550,-72.95650,41.77750,0.7068,0.3492,41.77760,-72.97471,41.7715,41.7875,-72.9885,-72.9575,353,367,494,275,415,0,0,0,0,0,
89,Fairfield,1.016614,284,1.9323,1.1930,7.7021,2.1461,-73.29550,41.19650,-73.27750,41.22450,1.6197,0.2153,41.21034,-73.28966,41.1965,41.2235,-73.2995,-73.2775,354,307,312,382,332,0,0,0,0,0,
1018,Granby,1.016614,284,1.8633,1.0374,6.1126,1.8813,-72.89350,41.94550,-72.89850,41.91850,1.7962,0.3419,41.93252,-72.90134,41.9185,41.9445,-72.9125,-72.8935,355,365,332,440,373,0,0,0,0,0,
139,East Haven,1.013034,283,2.1394,1.0374,6.7685,2.1792,-72.88250,41.25250,-72.89050,41.28350,2.0623,0.2779,41.27056,-72.88456,41.2525,41.2825,-72.8945,-72.8755,356,342,280,429,327,0,0,0,0,0,
784,Plainfield,1.013034,283,1.4492,1.9710,7.2547,2.2494,-71.87350,41.71350,-71.83650,41.69650,0.7353,0.2419,41.70635,-71.85177,41.6955,41.7155,-71.8735,-71.8365,357,322,421,225,314,0,0,0,0,0,
661,Watertown,1.005875,281,1.5873,1.1930,5.5606,1.6664,-73.12550,41.60950,-73.14350,41.62950,1.3305,0.4088,41.62287,-73.13182,41.6095,41.6315,-73.1445,-73.1225,358,396,388,387,413,0,0,0,0,0,
1051,Hartland,1.002296,280,2.4154,0.8818,7.1131,2.4426,-72.98250,41.95650,-72.98950,41.99150,2.7392,0.2489,41.97226,-72.99010,41.9565,41.9905,-72.9985,-72.9825,359,329,250,523,282,0,0,0,0,0,
683,Plymouth,0.987977,276,1.4492,1.0893,5.1808,1.6964,-72.99650,41.62850,-72.97950,41.64950,1.3305,0.4626,41.63934,-72.98844,41.6285,41.6485,-72.9985,-72.9785,360,420,419,420,409,0,0,0,0,0,
358,Chester,0.970079,271,2.1394,1.3486,7.0797,2.2765,-72.51050,41.43450,-72.49550,41.40350,1.5863,0.2432,41.41619,-72.50627,41.4035,41.4335,-72.5175,-72.4925,361,330,284,350,310,0,0,0,0,0,
813,Glastonbury,0.970079,271,1.0352,1.2967,4.8019,1.3838,-72.52050,41.71750,-72.49550,41.72450,0.7983,0.5287,41.72099,-72.50991,41.7135,41.7275,-72.5205,-72.4965,362,454,540,363,489,0,0,0,0,0,
1060,Union,0.970079,271,1.4492,1.1411,5.3188,1.5393,-72.15750,41.96350,-72.16750,41.98450,1.2700,0.4309,41.97394,-72.16503,41.9635,41.9835,-72.1755,-72.1545,363,409,425,405,449,0,0,0,0,0,
355,North Haven,0.966499,270,1.4492,0.9337,5.0076,1.5773,-72.87150,41.40250,-72.85950,41.42350,1.5522,0.4843,41.41406,-72.86811,41.4025,41.4225,-72.8755,-72.8585,364,436,412,480,438,0,0,0,0,0,
382,Montville,0.966499,270,1.2422,1.8154,6.1153,1.8975,-72.20950,41.43350,-72.17450,41.42550,0.6842,0.3248,41.43193,-72.19499,41.4245,41.4415,-72.2095,-72.1755,365,364,464,251,369,0,0,0,0,0,
503,Cheshire,0.955760,267,1.2422,1.4005,5.2854,1.4604,-72.84150,41.52050,-72.86850,41.51450,0.8870,0.4299,41.51763,-72.85435,41.5085,41.5255,-72.8685,-72.8425,366,410,467,338,467,0,0,0,0,0,
737,Washington,0.955760,267,1.2422,1.3486,5.2854,1.6366,-73.28250,41.66750,-73.26050,41.68450,0.9211,0.4299,41.67599,-73.27356,41.6675,41.6845,-73.2855,-73.2605,367,411,473,355,423,0,0,0,0,0,
481,Preston,0.952181,266,2.4154,0.5706,6.1794,2.4354,-72.02850,41.53250,-72.02250,41.49750,4.2334,0.3134,41.51385,-72.02574,41.4975,41.5315,-72.0305,-72.0205,368,363,239,654,283,0,0,0,0,0,
159,Ridgefield,0.948601,265,1.6563,1.9192,8.2560,2.4575,-73.48050,41.27350,-73.44550,41.29750,0.8630,0.1749,41.28480,-73.46308,41.2735,41.2965,-73.4815,-73.4455,369,276,359,229,280,0,0,0,0,0,
474,New Milford,0.948601,265,2.0013,0.9337,5.9737,2.1119,-73.42350,41.51750,-73.41050,41.48850,2.1436,0.3340,41.50140,-73.42061,41.4885,41.5165,-73.4275,-73.4105,370,373,298,482,336,0,0,0,0,0,
1093,Norfolk,0.945022,264,1.1732,1.5561,5.5623,1.6198,-73.18250,42.00750,-73.15650,41.99450,0.7539,0.3838,41.99743,-73.17403,41.9915,42.0075,-73.1865,-73.1575,371,395,497,298,425,0,0,0,0,0,
143,West Haven,0.941442,263,1.5183,1.4005,5.9755,1.7558,-72.97650,41.25650,-72.95950,41.27850,1.0841,0.3313,41.26676,-72.96509,41.2565,41.2775,-72.9795,-72.9535,372,372,398,334,393,0,0,0,0,0,
443,Montville,0.941442,263,1.3112,1.4524,5.6652,1.4800,-72.10950,41.46450,-72.12850,41.48050,0.9028,0.3686,41.47336,-72.11798,41.4645,41.4825,-72.1325,-72.1055,373,391,447,324,462,0,0,0,0,0,
871,Harwinton,0.941442,263,2.6915,0.8299,7.3540,2.7513,-73.03250,41.81750,-73.04350,41.77850,3.2431,0.2188,41.79282,-73.03906,41.7785,41.8165,-73.0465,-73.0315,374,316,212,536,249,0,0,0,0,0,
959,Tolland,0.934283,261,1.5183,0.9855,5.1113,1.6044,-72.42450,41.87150,-72.43450,41.89350,1.5406,0.4494,41.88134,-72.42843,41.8715,41.8925,-72.4375,-72.4195,375,423,407,469,430,0,0,0,0,0,
595,Roxbury,0.930703,260,1.7253,1.1411,5.8366,1.8524,-73.31050,41.57050,-73.29750,41.59550,1.5119,0.3433,41.58392,-73.30788,41.5705,41.5945,-73.3175,-73.2965,376,376,350,398,381,0,0,0,0,0,
1062,Thompson,0.927123,259,2.2084,2.1785,8.7738,2.9949,-71.86450,41.96550,-71.82550,41.99750,1.0137,0.1513,41.98328,-71.84486,41.9655,41.9965,-71.8665,-71.8255,377,259,278,203,219,0,0,0,0,0,
883,Chaplin,0.916385,256,2.0013,0.9337,6.2850,2.0074,-72.16350,41.78950,-72.16050,41.81850,2.1436,0.2915,41.80386,-72.16097,41.7895,41.8175,-72.1685,-72.1515,378,361,307,492,352,0,0,0,0,0,
749,Wethersfield,0.912805,255,2.4154,1.2449,7.7355,2.5078,-72.64650,41.70750,-72.63350,41.67250,1.9403,0.1917,41.68768,-72.63937,41.6725,41.7065,-72.6495,-72.6265,379,305,244,375,275,0,0,0,0,0,
273,Killingworth,0.898486,251,1.7943,0.9337,5.7671,1.8417,-72.59350,41.33550,-72.58550,41.36150,1.9218,0.3395,41.35042,-72.59181,41.3355,41.3605,-72.5995,-72.5825,380,383,334,476,384,0,0,0,0,0,
323,Guilford,0.884168,247,1.7253,0.8818,5.4216,1.8299,-72.71850,41.37450,-72.70350,41.39850,1.9566,0.3780,41.38735,-72.71180,41.3745,41.3985,-72.7195,-72.7035,381,404,344,509,387,0,0,0,0,0,
583,Portland,0.877009,245,0.5521,2.3860,6.7043,2.3900,-72.64350,41.56650,-72.59750,41.56450,0.2314,0.2452,41.56557,-72.61952,41.5625,41.5695,-72.6435,-72.5985,382,347,747,169,292,0,0,0,0,0,
342,Lyme,0.869849,243,0.9662,1.2967,4.5258,1.3618,-72.37150,41.39650,-72.34750,41.40450,0.7451,0.5337,41.40069,-72.36092,41.3945,41.4075,-72.3725,-72.3485,383,477,556,358,495,0,0,0,0,0,
594,New Milford,0.869849,243,1.4492,1.0893,5.0770,1.4940,-73.44750,41.56950,-73.45450,41.59050,1.3305,0.4241,41.57977,-73.44834,41.5695,41.5895,-73.4575,-73.4375,384,426,416,417,458,0,0,0,0,0,
746,Lebanon,0.866270,242,1.3802,1.1411,5.0427,1.4149,-72.24950,41.69150,-72.25550,41.67150,1.2095,0.4281,41.68025,-72.25269,41.6715,41.6905,-72.2625,-72.2415,385,430,437,401,477,0,0,0,0,0,
463,Prospect,0.855531,239,1.4492,0.9855,4.8695,1.5773,-73.00450,41.47650,-72.99250,41.49750,1.4705,0.4534,41.48745,-73.00268,41.4765,41.4965,-73.0105,-72.9925,386,449,414,452,439,0,0,0,0,0,
696,Watertown,0.855531,239,1.1732,1.4005,5.6995,1.7487,-73.12150,41.63850,-73.14650,41.65550,0.8377,0.3310,41.64525,-73.13403,41.6385,41.6545,-73.1475,-73.1215,387,388,491,341,396,0,0,0,0,0,
650,Voluntown,0.848372,237,2.3464,0.9855,7.3900,2.4148,-71.81650,41.63350,-71.82750,41.59950,2.3809,0.1952,41.61341,-71.82501,41.5995,41.6325,-71.8345,-71.8165,388,313,256,456,285,0,0,0,0,0,
421,North Stonington,0.844792,236,1.2422,2.0748,6.6340,2.2887,-71.92750,41.46150,-71.88750,41.44750,0.5987,0.2412,41.45505,-71.90856,41.4465,41.4635,-71.9275,-71.8885,389,349,466,209,307,0,0,0,0,0,
653,Griswold,0.844792,236,1.7253,1.2967,6.4933,1.9145,-71.89350,41.60350,-71.87750,41.62850,1.3305,0.2518,41.61187,-71.88132,41.6035,41.6275,-71.8945,-71.8705,390,357,352,361,364,0,0,0,0,0,
422,Wallingford,0.841212,235,1.5183,0.9855,5.2836,1.6449,-72.76650,41.44850,-72.75150,41.46950,1.5406,0.3787,41.45700,-72.75953,41.4475,41.4685,-72.7695,-72.7515,391,413,400,450,421,0,0,0,0,0,
108,Milford,0.830473,232,1.2422,1.5042,5.4929,1.8720,-73.07950,41.24450,-73.10650,41.22650,0.8258,0.3459,41.23659,-73.09320,41.2265,41.2435,-73.1075,-73.0795,392,401,461,301,376,0,0,0,0,0,
411,Oxford,0.823314,230,2.0013,0.6743,6.1118,2.0254,-73.12550,41.47150,-73.11950,41.44250,2.9680,0.2770,41.45528,-73.12359,41.4425,41.4705,-73.1305,-73.1185,393,366,297,596,348,0,0,0,0,0,
577,Waterbury,0.819735,229,1.0352,1.2449,4.5601,1.2918,-73.09150,41.56650,-73.06750,41.56150,0.8316,0.4954,41.56377,-73.07932,41.5575,41.5715,-73.0915,-73.0685,394,472,532,371,520,0,0,0,0,0,
715,Lebanon,0.819735,229,1.4492,0.8818,4.6621,1.4723,-72.23750,41.67250,-72.23250,41.65150,1.6435,0.4739,41.66254,-72.23781,41.6515,41.6715,-72.2475,-72.2315,395,464,420,518,465,0,0,0,0,0,
232,Redding,0.816155,228,1.0352,1.3486,5.0093,1.4094,-73.41650,41.31750,-73.39150,41.32550,0.7676,0.4087,41.31972,-73.40371,41.3115,41.3255,-73.4165,-73.3915,396,433,522,347,481,0,0,0,0,0,
90,Wilton,0.812575,227,1.3112,1.0893,5.0770,1.4134,-73.40350,41.20050,-73.41650,41.21850,1.2038,0.3961,41.20763,-73.41488,41.1995,41.2175,-73.4235,-73.4035,397,425,442,408,478,0,0,0,0,0,
792,Glastonbury,0.808996,226,0.9662,1.7636,5.7012,1.8456,-72.55350,41.71150,-72.52050,41.70150,0.5478,0.3128,41.70793,-72.54006,41.7005,41.7135,-72.5545,-72.5215,398,387,566,259,383,0,0,0,0,0,
473,Meriden,0.805416,225,2.3464,0.7780,6.5601,2.3828,-72.76850,41.52150,-72.77650,41.48750,3.0158,0.2352,41.50404,-72.76910,41.4875,41.5205,-72.7775,-72.7635,399,354,254,548,294,0,0,0,0,0,
785,Farmington,0.801836,224,1.6563,0.7262,4.8687,1.6765,-72.85650,41.72050,-72.85150,41.69650,2.2808,0.4251,41.70834,-72.85263,41.6965,41.7195,-72.8575,-72.8445,400,451,370,573,412,0,0,0,0,0,
229,Waterford,0.798257,223,0.8972,1.4005,4.7333,1.4604,-72.14250,41.31950,-72.11550,41.31350,0.6406,0.4477,41.31415,-72.13105,41.3085,41.3205,-72.1425,-72.1165,401,458,575,336,466,0,0,0,0,0,
632,East Hampton,0.794677,222,2.1394,0.6224,6.0423,2.1550,-72.49950,41.58850,-72.50450,41.61950,3.4371,0.2735,41.60275,-72.50163,41.5885,41.6185,-72.5065,-72.4955,402,369,286,633,330,0,0,0,0,0,
546,Middlefield,0.791098,221,1.2422,1.1411,4.7667,1.5857,-72.71850,41.55550,-72.73750,41.53750,1.0886,0.4375,41.54679,-72.72850,41.5375,41.5545,-72.7385,-72.7175,403,457,469,397,435,0,0,0,0,0,
918,Coventry,0.787518,220,1.6563,1.1411,5.9061,1.7677,-72.31850,41.82550,-72.33350,41.84850,1.4514,0.2837,41.83334,-72.32463,41.8245,41.8475,-72.3345,-72.3135,404,375,373,404,392,0,0,0,0,0,
85,Bridgeport,0.783938,219,1.3802,1.7117,6.9777,1.7985,-73.17650,41.19050,-73.20950,41.19850,0.8064,0.2023,41.19350,-73.19146,41.1825,41.2015,-73.2095,-73.1775,405,333,428,267,389,0,0,0,0,0,
450,Brookfield,0.780359,218,0.8972,1.4524,4.6990,1.5537,-73.40050,41.47350,-73.42850,41.48150,0.6177,0.4441,41.47581,-73.41636,41.4705,41.4825,-73.4285,-73.4015,406,461,580,325,447,0,0,0,0,0,
809,Litchfield,0.776779,217,2.0704,0.8299,6.9417,2.0936,-73.26650,41.71150,-73.26050,41.74150,2.4947,0.2026,41.72564,-73.26003,41.7115,41.7405,-73.2685,-73.2535,407,335,291,535,339,0,0,0,0,0,
618,Voluntown,0.766040,214,1.4492,0.8299,4.5583,1.4940,-71.84850,41.58250,-71.84150,41.60350,1.7463,0.4633,41.59289,-71.84446,41.5825,41.6025,-71.8505,-71.8355,408,475,417,532,459,0,0,0,0,0,
702,Plymouth,0.766040,214,1.7943,1.0374,5.6634,1.8828,-73.02350,41.64450,-73.03450,41.67050,1.7296,0.3001,41.65631,-73.02627,41.6445,41.6695,-73.0365,-73.0175,409,392,338,436,371,0,0,0,0,0,
548,New Milford,0.762461,213,2.6225,0.6224,7.0085,2.6306,-73.42750,41.57650,-73.43150,41.53850,4.2132,0.1951,41.55620,-73.42975,41.5385,41.5755,-73.4345,-73.4235,410,332,218,631,262,0,0,0,0,0,
902,South Windsor,0.762461,213,1.1042,1.4005,5.0093,1.5613,-72.59850,41.81250,-72.57150,41.82250,0.7884,0.3818,41.81461,-72.58482,41.8075,41.8225,-72.5985,-72.5725,411,434,515,342,443,0,0,0,0,0,
994,Ellington,0.755301,211,0.8972,1.4005,4.5953,1.4157,-72.44450,41.91250,-72.47150,41.90950,0.6406,0.4495,41.90962,-72.45845,41.9025,41.9145,-72.4715,-72.4455,412,467,597,343,476,0,0,0,0,0,
353,Newtown,0.751722,210,1.2422,1.3486,5.1817,1.5857,-73.19950,41.40150,-73.21850,41.41950,0.9211,0.3518,41.40943,-73.21163,41.4015,41.4185,-73.2225,-73.1975,413,418,463,349,434,0,0,0,0,0,
606,East Hampton,0.751722,210,1.0352,1.0893,4.3526,1.2221,-72.53350,41.57950,-72.51750,41.59250,0.9503,0.4986,41.58436,-72.52395,41.5775,41.5915,-72.5345,-72.5145,414,491,534,418,533,0,0,0,0,0,
795,Canterbury,0.751722,210,1.7253,0.9337,5.4216,1.7284,-71.99550,41.70150,-71.99750,41.72650,1.8479,0.3214,41.71172,-71.99771,41.7015,41.7255,-72.0075,-71.9905,415,405,355,488,401,0,0,0,0,0,
921,Bloomfield,0.748142,209,1.5873,0.9855,5.1456,1.6545,-72.71550,41.82650,-72.70650,41.84950,1.6106,0.3551,41.83686,-72.71188,41.8265,41.8485,-72.7225,-72.7045,416,422,393,466,418,0,0,0,0,0,
684,Griswold,0.744562,208,1.3112,0.7780,4.1785,1.3753,-71.90150,41.62950,-71.89350,41.64850,1.6853,0.5359,41.63939,-71.89778,41.6295,41.6475,-71.9045,-71.8905,417,513,453,551,491,0,0,0,0,0,
1031,Salisbury,0.744562,208,1.2422,0.9337,4.3517,1.3270,-73.44950,41.93150,-73.45850,41.94950,1.3305,0.4941,41.93970,-73.45414,41.9315,41.9485,-73.4615,-73.4445,418,495,476,495,510,0,0,0,0,0,
313,Newtown,0.740983,207,1.8633,0.9337,6.3201,1.9998,-73.22150,41.39750,-73.23550,41.37050,1.9957,0.2331,41.38204,-73.22965,41.3705,41.3965,-73.2385,-73.2215,419,359,326,479,353,0,0,0,0,0,
693,Washington,0.740983,207,0.9662,1.8673,5.6670,1.9679,-73.31250,41.63950,-73.27650,41.64850,0.5174,0.2899,41.64438,-73.29443,41.6375,41.6505,-73.3125,-73.2775,420,390,565,243,358,0,0,0,0,0,
885,Mansfield,0.733824,205,1.9323,0.6224,5.5245,1.9434,-72.17950,41.79350,-72.18350,41.82150,3.1045,0.3021,41.80782,-72.17997,41.7935,41.8205,-72.1855,-72.1745,421,400,318,641,360,0,0,0,0,0,
582,Colchester,0.730244,204,1.1732,1.4005,5.1474,1.5661,-72.37450,41.56150,-72.35450,41.57850,0.8377,0.3463,41.56908,-72.36157,41.5615,41.5775,-72.3755,-72.3495,422,421,489,339,441,0,0,0,0,0,
434,Montville,0.726664,203,1.0352,1.0374,4.2832,1.1820,-72.09550,41.46150,-72.08450,41.47650,0.9979,0.4978,41.46814,-72.08929,41.4615,41.4755,-72.0985,-72.0795,423,501,527,432,548,0,0,0,0,0,
512,Cheshire,0.723085,202,1.0352,1.4524,4.9751,1.5102,-72.90550,41.51650,-72.87750,41.52250,0.7128,0.3671,41.52184,-72.89492,41.5155,41.5295,-72.9055,-72.8785,424,438,530,327,456,0,0,0,0,0,
305,Woodbridge,0.719505,201,1.1732,1.1411,4.6287,1.2938,-73.02750,41.38350,-73.01450,41.36750,1.0281,0.4220,41.37516,-73.02207,41.3675,41.3835,-73.0315,-73.0105,425,465,484,395,519,0,0,0,0,0,
92,Milford,0.715925,200,1.1732,1.2449,4.9742,1.3618,-73.09450,41.21350,-73.11850,41.20550,0.9424,0.3636,41.21189,-73.10822,41.2045,41.2205,-73.1185,-73.0955,426,439,481,367,494,0,0,0,0,0,
144,Orange,0.715925,200,1.7943,0.8818,5.3522,1.9357,-73.05650,41.28350,-73.07050,41.25750,2.0349,0.3141,41.26895,-73.06265,41.2575,41.2825,-73.0715,-73.0555,427,408,333,504,363,0,0,0,0,0,
53,New Canaan,0.712346,199,1.8633,1.4524,7.2186,2.1547,-73.48050,41.12850,-73.45750,41.15450,1.2830,0.1718,41.14333,-73.47105,41.1285,41.1545,-73.4835,-73.4565,428,324,322,321,331,0,0,0,0,0,
797,Litchfield,0.712346,199,2.2084,0.5706,5.6616,2.2108,-73.19550,41.70250,-73.19350,41.73450,3.8705,0.2793,41.71986,-73.19470,41.7025,41.7335,-73.2005,-73.1905,429,393,274,665,322,0,0,0,0,0,
146,Shelton,0.708766,198,1.5183,0.8818,5.0076,1.5575,-73.10550,41.26250,-73.09450,41.28350,1.7218,0.3552,41.27442,-73.10348,41.2625,41.2835,-73.1105,-73.0945,430,435,399,505,445,0,0,0,0,0,
517,Salem,0.708766,198,1.6563,1.7117,7.2890,2.0828,-72.24950,41.51950,-72.22350,41.54250,0.9676,0.1676,41.53025,-72.23861,41.5195,41.5425,-72.2555,-72.2235,431,321,364,270,341,0,0,0,0,0,
841,Kent,0.705187,197,1.7943,0.9855,5.5597,1.8540,-73.45450,41.77950,-73.46350,41.75350,1.8207,0.2867,41.76627,-73.45531,41.7535,41.7785,-73.4645,-73.4465,432,398,340,465,379,0,0,0,0,0,
734,New Britain,0.701607,196,1.2422,0.9337,4.3517,1.3894,-72.78550,41.66350,-72.79750,41.68150,1.3305,0.4656,41.67049,-72.79456,41.6635,41.6805,-72.8025,-72.7855,433,494,472,487,487,0,0,0,0,0,
905,Killingly,0.701607,196,2.2084,0.5187,5.5579,2.2380,-71.88950,41.84350,-71.88250,41.81150,4.2576,0.2854,41.82870,-71.88589,41.8115,41.8425,-71.8905,-71.8815,434,399,276,706,316,0,0,0,0,0,
445,Montville,0.698027,195,0.7591,1.5042,4.5267,1.5105,-72.19550,41.46950,-72.16650,41.46750,0.5047,0.4281,41.46979,-72.18089,41.4655,41.4755,-72.1955,-72.1675,435,476,643,307,455,0,0,0,0,0,
1066,Union,0.698027,195,0.7591,1.4005,4.3192,1.4604,-72.22450,41.96850,-72.19750,41.97450,0.5420,0.4702,41.97201,-72.21269,41.9675,41.9775,-72.2245,-72.1985,436,498,657,346,468,0,0,0,0,0,
646,Washington,0.694448,194,1.9323,1.3486,7.1149,2.2709,-73.31450,41.59850,-73.29150,41.62650,1.4328,0.1724,41.61292,-73.30790,41.5985,41.6255,-73.3165,-73.2915,437,327,317,351,311,0,0,0,0,0,
1078,Suffield,0.694448,194,1.3802,0.8299,4.4203,1.3957,-72.75150,41.97750,-72.74750,41.99750,1.6631,0.4466,41.98914,-72.75245,41.9775,41.9965,-72.7605,-72.7455,438,485,440,538,485,0,0,0,0,0,
17,Greenwich,0.690868,193,0.9662,1.1411,4.3526,1.2539,-73.58350,41.04650,-73.56250,41.05550,0.8467,0.4583,41.04966,-73.57210,41.0425,41.0555,-73.5835,-73.5625,439,489,550,392,528,0,0,0,0,0,
456,New Fairfield,0.690868,193,1.7253,0.6743,4.7992,1.7261,-73.47550,41.49850,-73.47450,41.47350,2.5586,0.3769,41.48586,-73.47552,41.4735,41.4975,-73.4815,-73.4695,440,456,347,598,402,0,0,0,0,0,
255,Essex,0.687288,192,1.7253,1.2449,5.9403,1.9376,-72.40050,41.34750,-72.38350,41.32250,1.3859,0.2448,41.33501,-72.39464,41.3225,41.3465,-72.4065,-72.3835,441,374,342,368,362,0,0,0,0,0,
226,Redding,0.680129,190,1.3802,0.7780,4.8695,1.3957,-73.44050,41.32650,-73.44450,41.30650,1.7740,0.3604,41.31522,-73.43894,41.3065,41.3255,-73.4455,-73.4315,442,448,431,543,484,0,0,0,0,0,
1019,Willington,0.680129,190,1.4492,0.7262,4.3509,1.5575,-72.27350,41.91850,-72.28450,41.93950,1.9957,0.4515,41.92823,-72.27977,41.9185,41.9385,-72.2855,-72.2725,443,496,424,581,446,0,0,0,0,0,
1122,Somers,0.680129,190,1.4492,1.0893,5.2151,1.5361,-72.49350,42.03050,-72.50650,42.01050,1.3305,0.3143,42.01698,-72.49494,42.0095,42.0295,-72.5075,-72.4875,444,417,426,426,451,0,0,0,0,0,
400,Oxford,0.676550,189,1.9323,1.4005,7.2529,2.0172,-73.13350,41.44050,-73.15750,41.46350,1.3798,0.1616,41.44709,-73.14842,41.4355,41.4625,-73.1585,-73.1325,445,323,314,337,349,0,0,0,0,0,
780,Plainfield,0.672970,188,1.6563,0.8818,5.0761,1.7208,-71.90450,41.69050,-71.89550,41.71450,1.8783,0.3282,41.70247,-71.89772,41.6905,41.7135,-71.9055,-71.8895,446,427,369,519,405,0,0,0,0,0,
996,Tolland,0.669390,187,1.3112,1.0893,4.9390,1.3275,-72.39550,41.92250,-72.39150,41.90350,1.2038,0.3448,41.91313,-72.39572,41.9035,41.9215,-72.4055,-72.3855,447,441,459,424,509,0,0,0,0,0,
843,Hampton,0.665811,186,0.8281,1.5561,4.9065,1.6511,-72.04750,41.76450,-72.01750,41.75650,0.5322,0.3476,41.75881,-72.03325,41.7545,41.7655,-72.0475,-72.0185,448,443,625,293,420,0,0,0,0,0,
298,Seymour,0.658651,184,1.0352,1.0893,4.3526,1.1221,-73.10350,41.37450,-73.11450,41.36050,0.9503,0.4369,41.36518,-73.10748,41.3595,41.3735,-73.1185,-73.0985,449,490,525,414,573,0,0,0,0,0,
935,Canton,0.658651,184,0.8281,1.5561,5.0445,1.5622,-72.94350,41.84750,-72.91350,41.84550,0.5322,0.3253,41.84668,-72.92884,41.8405,41.8515,-72.9435,-72.9145,450,429,628,295,442,0,0,0,0,0,
1033,East Granby,0.655072,183,1.1042,0.9855,4.1794,1.1472,-72.75850,41.93350,-72.76450,41.94950,1.1204,0.4713,41.94186,-72.76055,41.9335,41.9485,-72.7695,-72.7515,451,512,517,472,564,0,0,0,0,0,
83,Wilton,0.651492,182,1.3802,1.0893,4.9390,1.5361,-73.44950,41.19950,-73.46250,41.17950,1.2671,0.3356,41.18982,-73.45643,41.1795,41.1985,-73.4655,-73.4455,452,440,427,407,450,0,0,0,0,0,
121,Milford,0.651492,182,1.1732,0.9337,4.3517,1.3281,-73.00550,41.25750,-73.01750,41.24050,1.2566,0.4323,41.24693,-73.01149,41.2405,41.2565,-73.0215,-73.0045,453,493,482,474,505,0,0,0,0,0,
983,Barkhamsted,0.651492,182,1.5873,0.8299,5.2493,1.6545,-72.94650,41.89250,-72.93750,41.91550,1.9126,0.2971,41.90188,-72.94414,41.8925,41.9145,-72.9525,-72.9375,454,416,396,537,419,0,0,0,0,0,
277,North Branford,0.647913,181,1.3112,0.8818,4.3860,1.3366,-72.77850,41.33950,-72.77350,41.35850,1.4870,0.4232,41.34725,-72.77595,41.3395,41.3575,-72.7845,-72.7685,455,487,443,508,503,0,0,0,0,0,
18,Stamford,0.644333,180,1.1732,0.8818,4.3175,1.2138,-73.55150,41.04650,-73.54550,41.06350,1.3305,0.4344,41.05445,-73.54710,41.0465,41.0625,-73.5545,-73.5385,456,499,478,499,537,0,0,0,0,0,
290,East Lyme,0.644333,180,1.0352,0.9337,4.0757,1.0970,-72.22050,41.36550,-72.22750,41.35050,1.1087,0.4874,41.35762,-72.22324,41.3505,41.3645,-72.2325,-72.2155,457,518,523,477,584,0,0,0,0,0,
202,Clinton,0.640753,179,2.2774,0.6743,6.9408,2.2986,-72.52950,41.29350,-72.53550,41.32650,3.3774,0.1671,41.31170,-72.53256,41.2935,41.3255,-72.5385,-72.5265,458,336,260,592,306,0,0,0,0,0,
62,Fairfield,0.637174,178,1.1732,1.1411,4.8704,1.4131,-73.24550,41.16150,-73.26250,41.14550,1.0281,0.3375,41.15452,-73.25442,41.1455,41.1615,-73.2635,-73.2425,459,447,480,393,480,0,0,0,0,0,
697,Plainfield,0.637174,178,1.3112,1.0893,4.8010,1.3918,-71.94450,41.63850,-71.93550,41.65750,1.2038,0.3474,41.64790,-71.94538,41.6385,41.6565,-71.9555,-71.9355,460,455,454,421,486,0,0,0,0,0,
180,Shelton,0.633594,177,1.1042,1.0893,4.4906,1.2086,-73.12050,41.28450,-73.13450,41.29850,1.0137,0.3948,41.29390,-73.12356,41.2845,41.2995,-73.1355,-73.1155,461,482,504,410,540,0,0,0,0,0,
347,Bethany,0.633594,177,1.5873,0.6743,4.7306,1.6175,-72.96750,41.39850,-72.96150,41.42150,2.3539,0.3558,41.41039,-72.96566,41.3985,41.4205,-72.9715,-72.9595,462,460,383,594,426,0,0,0,0,0,
694,Hebron,0.633594,177,1.2422,0.9855,4.5592,1.4134,-72.38150,41.63750,-72.36850,41.65550,1.2605,0.3830,41.64677,-72.37553,41.6375,41.6545,-72.3825,-72.3645,463,474,471,460,479,0,0,0,0,0,
1059,Salisbury,0.633594,177,1.1042,1.0374,4.3869,1.1444,-73.46550,41.97650,-73.44550,41.96950,1.0644,0.4137,41.97117,-73.45680,41.9625,41.9775,-73.4655,-73.4465,464,486,519,441,566,0,0,0,0,0,
1065,Enfield,0.630014,176,1.0352,0.9337,4.0757,1.1493,-72.50650,41.96750,-72.49450,41.98150,1.1087,0.4766,41.97527,-72.50385,41.9675,41.9815,-72.5115,-72.4945,465,519,547,496,562,0,0,0,0,0,
692,Bristol,0.615696,172,1.5183,0.7262,4.5926,1.5611,-72.95750,41.63650,-72.95050,41.65850,2.0908,0.3668,41.64873,-72.95544,41.6365,41.6575,-72.9615,-72.9485,466,469,405,571,444,0,0,0,0,0,
624,Roxbury,0.612116,171,1.0352,1.5042,5.0788,1.7171,-73.25850,41.58850,-73.28750,41.60050,0.6882,0.2982,41.59240,-73.27380,41.5865,41.6005,-73.2875,-73.2595,467,424,536,312,406,0,0,0,0,0,
703,Lebanon,0.612116,171,1.1732,0.8818,4.2480,1.3281,-72.27950,41.66250,-72.29150,41.64550,1.3305,0.4263,41.65320,-72.28724,41.6455,41.6615,-72.2955,-72.2795,468,503,492,515,506,0,0,0,0,0,
507,Meriden,0.608537,170,1.4492,0.9855,4.8695,1.5773,-72.81250,41.51350,-72.80050,41.53450,1.4705,0.3225,41.52404,-72.80995,41.5135,41.5335,-72.8185,-72.8005,469,450,415,455,440,0,0,0,0,0,
668,Wolcott,0.597798,167,1.4492,1.1930,5.2845,1.6964,-72.98550,41.61450,-72.96850,41.63550,1.2148,0.2690,41.62449,-72.97848,41.6145,41.6345,-72.9895,-72.9675,470,412,418,388,408,0,0,0,0,0,
790,Kent,0.594218,166,1.6563,0.6743,5.0761,1.7518,-73.42050,41.70050,-73.40950,41.72450,2.4563,0.2898,41.71323,-73.41468,41.7005,41.7235,-73.4215,-73.4095,471,428,371,611,395,0,0,0,0,0,
339,Newtown,0.590638,165,1.5873,0.8818,4.9381,1.5949,-73.30450,41.38750,-73.30750,41.41050,1.8001,0.3044,41.39835,-73.30301,41.3875,41.4095,-73.3105,-73.2945,472,442,382,510,433,0,0,0,0,0,
930,Goshen,0.590638,165,0.7591,1.5042,4.9065,1.6023,-73.28550,41.83950,-73.25650,41.84750,0.5047,0.3083,41.84249,-73.26818,41.8375,41.8475,-73.2855,-73.2575,473,444,655,320,431,0,0,0,0,0,
67,New Canaan,0.587059,164,1.1042,1.1930,4.7324,1.2108,-73.48950,41.16250,-73.46650,41.16550,0.9256,0.3294,41.16214,-73.47976,41.1535,41.1685,-73.4895,-73.4675,474,459,502,381,539,0,0,0,0,0,
598,Norwich,0.587059,164,1.7253,0.5706,4.5917,1.7261,-72.09550,41.59750,-72.09450,41.57250,3.0238,0.3499,41.58505,-72.09342,41.5725,41.5965,-72.0975,-72.0875,475,471,351,662,403,0,0,0,0,0,
727,Sterling,0.587059,164,1.7253,0.9855,5.7329,1.8341,-71.80150,41.65750,-71.81350,41.68250,1.7506,0.2245,41.66920,-71.80654,41.6575,41.6815,-71.8145,-71.7965,476,386,354,462,386,0,0,0,0,0,
949,Sharon,0.583479,163,1.3112,0.8818,4.3860,1.3753,-73.48850,41.88150,-73.49650,41.86250,1.4870,0.3811,41.87049,-73.48908,41.8625,41.8805,-73.4975,-73.4815,477,488,457,522,492,0,0,0,0,0,
367,Killingworth,0.579900,162,1.1042,1.0374,4.5249,1.1988,-72.65050,41.41250,-72.64150,41.42850,1.0644,0.3559,41.41874,-72.64220,41.4125,41.4275,-72.6515,-72.6325,478,478,509,430,544,0,0,0,0,0,
665,East Hampton,0.576320,161,1.3802,0.8818,4.5240,1.4044,-72.48450,41.61050,-72.48950,41.63050,1.5653,0.3539,41.62019,-72.48938,41.6105,41.6295,-72.4985,-72.4825,479,479,436,514,483,0,0,0,0,0,
302,Woodbridge,0.572740,160,1.5873,0.9855,5.4568,1.6083,-73.04350,41.36350,-73.03850,41.38650,1.6106,0.2417,41.37334,-73.04661,41.3635,41.3855,-73.0565,-73.0385,480,403,380,445,427,0,0,0,0,0,
834,Bolton,0.572740,160,2.0013,0.9855,6.7342,2.0340,-72.41850,41.76950,-72.41150,41.74050,2.0307,0.1587,41.75272,-72.41128,41.7405,41.7685,-72.4195,-72.4015,481,346,305,464,347,0,0,0,0,0,
28,Greenwich,0.569161,159,1.5873,0.9337,5.0419,1.7303,-73.64450,41.06750,-73.66050,41.08950,1.7001,0.2814,41.07932,-73.65250,41.0675,41.0895,-73.6615,-73.6445,482,431,375,473,399,0,0,0,0,0,
233,Ridgefield,0.562001,157,1.1042,0.8818,3.9720,1.2200,-73.47950,41.31250,-73.46950,41.32850,1.2522,0.4477,41.32033,-73.47288,41.3125,41.3275,-73.4805,-73.4645,483,531,507,507,536,0,0,0,0,0,
663,Griswold,0.558422,156,1.0352,0.9855,4.0414,1.2645,-71.90650,41.60950,-71.89250,41.62450,1.0504,0.4296,41.61699,-71.90226,41.6095,41.6235,-71.9105,-71.8925,484,522,537,457,522,0,0,0,0,0,
906,Torrington,0.558422,156,1.5873,1.1411,5.5606,1.8415,-73.11450,41.81250,-73.09650,41.83550,1.3910,0.2270,41.82286,-73.10562,41.8125,41.8345,-73.1165,-73.0955,485,397,392,403,385,0,0,0,0,0,
1087,Somers,0.554842,155,1.0352,0.7780,3.7302,1.1820,-72.49150,41.98850,-72.50250,42.00350,1.3305,0.5011,41.99470,-72.49711,41.9885,42.0025,-72.5035,-72.4895,486,562,548,556,549,0,0,0,0,0,
407,Durham,0.547683,153,1.1042,1.2449,4.6981,1.4952,-72.72550,41.44050,-72.70350,41.45450,0.8870,0.3118,41.44825,-72.71505,41.4405,41.4555,-72.7265,-72.7035,487,462,510,369,457,0,0,0,0,0,
148,Branford,0.544103,152,1.1042,1.1411,4.4906,1.2938,-72.78250,41.28150,-72.79550,41.26550,0.9676,0.3391,41.27316,-72.78943,41.2655,41.2805,-72.7995,-72.7785,488,481,503,394,518,0,0,0,0,0,
673,Portland,0.536944,150,0.9662,0.9855,3.9034,1.0321,-72.57250,41.61850,-72.56550,41.63250,0.9804,0.4429,41.62320,-72.56699,41.6185,41.6315,-72.5755,-72.5575,489,537,563,459,609,0,0,0,0,0,
858,Mansfield,0.536944,150,0.8972,1.0374,4.3526,1.2579,-72.22450,41.78050,-72.20750,41.76750,0.8648,0.3562,41.77224,-72.21815,41.7675,41.7795,-72.2265,-72.2075,490,492,590,438,527,0,0,0,0,0,
494,Middlefield,0.529785,148,0.9662,0.8818,4.0414,1.1542,-72.69750,41.50350,-72.71150,41.51650,1.0957,0.4076,41.50982,-72.70628,41.5035,41.5165,-72.7135,-72.6975,491,521,558,511,559,0,0,0,0,0,
581,Roxbury,0.526205,147,1.2422,1.0374,4.5592,1.3462,-73.27950,41.56150,-73.28950,41.57950,1.1974,0.3181,41.56945,-73.28879,41.5615,41.5785,-73.2985,-73.2795,492,473,470,435,502,0,0,0,0,0,
516,Roxbury,0.519046,145,0.9662,1.0374,4.0071,1.1649,-73.29150,41.52850,-73.27250,41.51950,0.9313,0.4062,41.52544,-73.28107,41.5185,41.5315,-73.2915,-73.2725,493,524,559,434,554,0,0,0,0,0,
559,Griswold,0.519046,145,0.8281,1.0893,3.9728,1.1426,-71.87850,41.55150,-71.85750,41.54650,0.7603,0.4133,41.54795,-71.87036,41.5435,41.5545,-71.8785,-71.8585,494,528,618,416,570,0,0,0,0,0,
572,Meriden,0.519046,145,1.1732,0.7262,3.9025,1.3046,-72.78150,41.55250,-72.77050,41.56950,1.6156,0.4283,41.55900,-72.77540,41.5525,41.5685,-72.7825,-72.7695,495,540,488,567,515,0,0,0,0,0,
65,Westport,0.508307,142,1.1042,0.8818,3.9720,1.1151,-73.32050,41.14950,-73.32350,41.16550,1.2522,0.4049,41.15715,-73.32237,41.1495,41.1645,-73.3305,-73.3145,496,530,501,502,578,0,0,0,0,0,
279,Newtown,0.508307,142,1.3802,0.5706,4.3166,1.3841,-73.30350,41.34450,-73.30550,41.36450,2.4191,0.3428,41.35349,-73.30617,41.3445,41.3635,-73.3115,-73.3015,497,500,432,652,488,0,0,0,0,0,
1064,Colebrook,0.508307,142,1.1732,0.6743,3.6950,1.2015,-73.12550,41.96750,-73.13050,41.98450,1.7399,0.4678,41.97422,-73.12973,41.9675,41.9835,-73.1365,-73.1245,498,566,496,618,543,0,0,0,0,0,
1084,Suffield,0.508307,142,0.6901,1.2967,3.9737,1.3258,-72.61750,41.98650,-72.64250,41.99050,0.5322,0.4045,41.98761,-72.63211,41.9835,41.9925,-72.6425,-72.6185,499,527,688,366,512,0,0,0,0,0,
200,Ridgefield,0.504727,141,1.1042,1.1930,4.5944,1.5510,-73.51550,41.29350,-73.53650,41.30950,0.9256,0.3005,41.30121,-73.52641,41.2935,41.3085,-73.5375,-73.5155,500,468,505,383,448,0,0,0,0,0,
381,East Lyme,0.504727,141,0.8972,1.0374,4.1451,1.1223,-72.23050,41.43750,-72.24350,41.42450,0.8648,0.3691,41.43056,-72.23761,41.4245,41.4365,-72.2455,-72.2265,501,514,578,431,572,0,0,0,0,0,
982,Killingly,0.504727,141,0.9662,0.9855,3.9034,1.1649,-71.82050,41.89250,-71.80150,41.90150,0.9804,0.4163,41.89833,-71.81325,41.8915,41.9045,-71.8205,-71.8025,502,538,570,470,555,0,0,0,0,0,
1039,Enfield,0.504727,141,1.0352,1.0893,4.8362,1.3801,-72.53150,41.95550,-72.51250,41.94150,0.9503,0.2712,41.95058,-72.52086,41.9415,41.9555,-72.5325,-72.5125,503,452,546,425,490,0,0,0,0,0,
44,Stamford,0.501148,140,1.1042,0.8818,3.9720,1.1151,-73.58250,41.13150,-73.58550,41.11550,1.2522,0.3992,41.12198,-73.58491,41.1155,41.1305,-73.5935,-73.5775,504,529,500,500,577,0,0,0,0,0,
722,Hebron,0.501148,140,1.1732,0.8299,4.2137,1.1778,-72.40050,41.67250,-72.39850,41.65550,1.4136,0.3547,41.66413,-72.39753,41.6555,41.6715,-72.4035,-72.3885,505,505,493,533,550,0,0,0,0,0,
354,North Haven,0.497568,139,1.7943,0.7780,5.7671,1.8540,-72.85350,41.40150,-72.84450,41.42750,2.3062,0.1880,41.41386,-72.84669,41.4015,41.4265,-72.8545,-72.8405,506,384,335,546,378,0,0,0,0,0,
376,Danbury,0.497568,139,1.3802,0.8299,5.1808,1.4744,-73.52050,41.44050,-73.50750,41.42150,1.6631,0.2330,41.43300,-73.51362,41.4215,41.4405,-73.5215,-73.5065,507,419,433,530,464,0,0,0,0,0,
1092,Suffield,0.490409,137,1.2422,0.8299,4.1443,1.3462,-72.66050,41.99050,-72.67050,42.00850,1.4968,0.3588,41.99886,-72.66517,41.9905,42.0075,-72.6715,-72.6565,508,516,477,540,501,0,0,0,0,0,
625,Southington,0.486829,136,0.5521,1.1411,3.3865,1.1598,-72.86850,41.59050,-72.84650,41.59350,0.4838,0.5335,41.59006,-72.85718,41.5865,41.5935,-72.8685,-72.8475,509,594,750,399,557,0,0,0,0,0,
821,Andover,0.486829,136,0.6901,1.2967,3.9737,1.3612,-72.39250,41.73350,-72.41750,41.72750,0.5322,0.3874,41.73061,-72.40465,41.7265,41.7355,-72.4175,-72.3935,510,526,683,364,496,0,0,0,0,0,
923,Canton,0.486829,136,0.7591,0.9337,3.3856,1.0214,-72.90350,41.82950,-72.88550,41.83550,0.8131,0.5337,41.83243,-72.89501,41.8275,41.8375,-72.9035,-72.8865,511,595,654,493,612,0,0,0,0,0,
1132,Colebrook,0.486829,136,0.6211,1.2449,3.8700,1.2620,-73.11150,42.02050,-73.08750,42.02350,0.4989,0.4085,42.02115,-73.10133,42.0175,42.0255,-73.1115,-73.0885,512,543,732,380,524,0,0,0,0,0,
293,Stonington,0.483250,135,0.9662,1.0893,4.1109,1.1653,-71.84450,41.35550,-71.86550,41.36150,0.8870,0.3593,41.36064,-71.85472,41.3545,41.3675,-71.8655,-71.8455,513,517,555,413,553,0,0,0,0,0,
1049,East Granby,0.483250,135,1.1042,0.7262,3.6607,1.1624,-72.75450,41.96950,-72.74750,41.95350,1.5206,0.4532,41.96020,-72.75394,41.9535,41.9685,-72.7605,-72.7475,514,572,518,582,556,0,0,0,0,0,
153,Guilford,0.479670,134,1.3802,0.6743,4.2128,1.4272,-72.73150,41.28950,-72.72450,41.26950,2.0469,0.3396,41.27790,-72.73072,41.2695,41.2885,-72.7365,-72.7245,515,506,430,590,475,0,0,0,0,0,
34,Greenwich,0.472511,132,1.4492,0.6743,4.6964,1.4530,-73.63750,41.08950,-73.63550,41.11050,2.1492,0.2692,41.10073,-73.64062,41.0895,41.1095,-73.6475,-73.6355,516,463,408,587,470,0,0,0,0,0,
799,Scotland,0.472511,132,1.7943,0.4150,4.6260,1.8130,-72.07350,41.70250,-72.07850,41.72850,4.3241,0.2775,41.71647,-72.07605,41.7025,41.7275,-72.0795,-72.0725,517,466,339,778,388,0,0,0,0,0,
960,Sharon,0.468931,131,0.8281,1.5561,4.9065,1.5804,-73.44150,41.87750,-73.47150,41.88150,0.5322,0.2448,41.87977,-73.45729,41.8745,41.8855,-73.4715,-73.4425,518,445,629,296,436,0,0,0,0,0,
1005,Ashford,0.468931,131,0.4141,1.4005,4.0432,1.4274,-72.20450,41.91350,-72.17750,41.90950,0.2957,0.3605,41.91098,-72.19145,41.9085,41.9135,-72.2045,-72.1785,519,520,849,344,474,0,0,0,0,0,
1144,Salisbury,0.468931,131,1.0352,0.7262,3.6264,1.0672,-73.38050,42.02450,-73.38550,42.03950,1.4255,0.4481,42.03132,-73.38469,42.0245,42.0385,-73.3915,-73.3785,520,577,549,585,598,0,0,0,0,0,
846,Harwinton,0.465352,130,0.6211,1.0374,3.4550,1.0976,-73.05950,41.76650,-73.07850,41.75950,0.5987,0.4899,41.76241,-73.07015,41.7585,41.7665,-73.0795,-73.0605,521,586,720,437,583,0,0,0,0,0,
937,Bloomfield,0.465352,130,2.1394,0.6743,5.6273,2.1897,-72.76850,41.87250,-72.77750,41.84150,3.1727,0.1847,41.85906,-72.77273,41.8415,41.8715,-72.7785,-72.7665,522,394,288,615,326,0,0,0,0,0,
972,Ashford,0.465352,130,0.7591,1.0374,3.5931,1.1170,-72.18750,41.88750,-72.16750,41.88150,0.7318,0.4530,41.88534,-72.17852,41.8805,41.8905,-72.1875,-72.1685,523,578,656,439,575,0,0,0,0,0,
103,Easton,0.461772,129,0.9662,0.8818,3.8339,1.0151,-73.31050,41.22350,-73.30450,41.23750,1.0957,0.3948,41.22892,-73.30529,41.2235,41.2365,-73.3125,-73.2965,524,551,552,503,614,0,0,0,0,0,
536,Waterbury,0.461772,129,1.5183,0.9337,5.0076,1.7303,-73.04650,41.55250,-73.03050,41.53050,1.6261,0.2314,41.54070,-73.03971,41.5305,41.5515,-73.0475,-73.0305,525,437,401,484,400,0,0,0,0,0,
768,Morris,0.461772,129,1.1042,0.7262,3.8682,1.1235,-73.24350,41.68150,-73.24750,41.69750,1.5206,0.3878,41.68817,-73.24958,41.6815,41.6965,-73.2565,-73.2435,526,545,512,572,571,0,0,0,0,0,
242,Guilford,0.458192,128,1.5873,0.6224,5.0419,1.6545,-72.67650,41.31650,-72.68550,41.33950,2.5501,0.2265,41.32696,-72.68036,41.3165,41.3385,-72.6865,-72.6755,527,432,379,624,417,0,0,0,0,0,
471,Southbury,0.454613,127,0.7591,1.1930,4.1803,1.2677,-73.20750,41.48750,-73.18550,41.49550,0.6363,0.3269,41.49100,-73.19896,41.4865,41.4965,-73.2085,-73.1865,528,509,644,386,521,0,0,0,0,0,
207,Redding,0.451033,126,0.8281,1.0893,3.8348,1.1724,-73.36850,41.29750,-73.35250,41.30950,0.7603,0.3854,41.30301,-73.36119,41.2975,41.3085,-73.3715,-73.3515,529,549,605,411,552,0,0,0,0,0,
301,Killingworth,0.447453,125,1.7253,0.4668,4.5917,1.7377,-72.55450,41.36150,-72.55850,41.38650,3.6958,0.2667,41.37224,-72.55822,41.3615,41.3855,-72.5625,-72.5545,530,470,343,722,398,0,0,0,0,0,
338,Stonington,0.447453,125,1.5873,0.4668,4.2119,1.6008,-71.91150,41.40950,-71.91550,41.38650,3.4001,0.3170,41.39802,-71.91433,41.3865,41.4085,-71.9185,-71.9105,531,508,381,723,432,0,0,0,0,0,
823,Kent,0.443874,124,0.7591,0.8818,3.2818,0.9469,-73.42850,41.73050,-73.41150,41.73550,0.8609,0.5179,41.73355,-73.42073,41.7285,41.7385,-73.4285,-73.4125,532,606,651,520,635,0,0,0,0,0,
1008,Canaan,0.443874,124,1.0352,0.7262,3.6264,1.0672,-73.26550,41.91150,-73.26050,41.92650,1.4255,0.4241,41.91965,-73.26319,41.9115,41.9255,-73.2685,-73.2555,533,576,545,580,597,0,0,0,0,0,
387,Durham,0.440294,123,1.2422,0.8299,4.1443,1.3046,-72.70050,41.44450,-72.68950,41.42750,1.4968,0.3222,41.43463,-72.69817,41.4265,41.4435,-72.7045,-72.6895,534,515,465,531,514,0,0,0,0,0,
704,New Britain,0.440294,123,0.8281,0.8818,3.5236,1.0154,-72.77250,41.65850,-72.78550,41.64750,0.9392,0.4456,41.65243,-72.78062,41.6465,41.6575,-72.7885,-72.7725,535,582,621,516,613,0,0,0,0,0,
198,Guilford,0.436715,122,0.6901,0.8818,3.1438,0.9240,-72.66450,41.29350,-72.68150,41.29750,0.7826,0.5553,41.29610,-72.67339,41.2925,41.3015,-72.6815,-72.6655,536,617,663,506,638,0,0,0,0,0,
397,Newtown,0.436715,122,0.8281,1.0893,3.8348,1.1752,-73.35050,41.44350,-73.33050,41.43550,0.7603,0.3732,41.43943,-73.34192,41.4345,41.4455,-73.3515,-73.3315,537,550,610,415,551,0,0,0,0,0,
604,Berlin,0.436715,122,1.5183,0.6743,4.4889,1.6044,-72.81450,41.57650,-72.80450,41.59850,2.2516,0.2724,41.58871,-72.80948,41.5765,41.5975,-72.8155,-72.8035,538,484,403,603,429,0,0,0,0,0,
672,Southington,0.436715,122,1.0352,0.6224,3.4190,1.0966,-72.90450,41.61650,-72.91450,41.63050,1.6631,0.4695,41.62435,-72.90960,41.6165,41.6305,-72.9155,-72.9045,539,592,538,634,587,0,0,0,0,0,
245,Shelton,0.433135,121,1.1732,0.7262,3.9025,1.2015,-73.12650,41.33450,-73.13150,41.31750,1.6156,0.3574,41.32524,-73.12654,41.3175,41.3335,-73.1325,-73.1195,540,539,483,560,541,0,0,0,0,0,
454,New Fairfield,0.429555,120,0.8281,0.7780,3.2124,0.9168,-73.51550,41.47350,-73.50250,41.48250,1.0644,0.5231,41.47920,-73.51038,41.4735,41.4845,-73.5165,-73.5025,541,615,613,547,642,0,0,0,0,0,
466,Wallingford,0.429555,120,1.3802,0.9337,4.9038,1.4745,-72.76150,41.48050,-72.75150,41.50050,1.4783,0.2245,41.48872,-72.75529,41.4805,41.4995,-72.7655,-72.7485,542,446,434,481,463,0,0,0,0,0,
476,Southbury,0.429555,120,1.0352,0.9337,3.9377,1.2405,-73.29650,41.49050,-73.31150,41.50450,1.1087,0.3481,41.49537,-73.30639,41.4895,41.5035,-73.3135,-73.2965,543,533,528,483,530,0,0,0,0,0,
500,Middletown,0.429555,120,1.6563,0.4150,4.2462,1.6636,-72.61950,41.53050,-72.61650,41.50650,3.9915,0.2994,41.51641,-72.61853,41.5065,41.5295,-72.6215,-72.6145,544,504,363,766,416,0,0,0,0,0,
567,Roxbury,0.429555,120,0.7591,0.8818,3.2818,0.9058,-73.30250,41.55650,-73.28550,41.55350,0.8609,0.5012,41.55437,-73.29489,41.5495,41.5595,-73.3025,-73.2865,545,605,645,512,646,0,0,0,0,0,
266,Guilford,0.425976,119,1.2422,0.9337,4.4898,1.2942,-72.73450,41.35050,-72.72750,41.33250,1.3305,0.2656,41.34121,-72.73488,41.3325,41.3495,-72.7445,-72.7275,546,483,462,475,517,0,0,0,0,0,
317,Seymour,0.425976,119,1.1732,0.7262,3.7988,1.2444,-73.08750,41.37150,-73.07950,41.38850,1.6156,0.3709,41.38007,-73.08622,41.3715,41.3875,-73.0925,-73.0795,547,555,485,562,529,0,0,0,0,0,
585,New Milford,0.425976,119,1.3112,0.6743,3.9711,1.3477,-73.34650,41.58450,-73.34050,41.56550,1.9446,0.3395,41.57461,-73.34556,41.5655,41.5835,-73.3525,-73.3405,548,532,452,601,500,0,0,0,0,0,
895,Torrington,0.425976,119,0.9662,0.6743,3.2809,0.9882,-73.17650,41.81750,-73.18050,41.80350,1.4328,0.4973,41.80903,-73.17556,41.8035,41.8165,-73.1815,-73.1695,549,609,568,613,621,0,0,0,0,0,
193,Redding,0.422396,118,1.0352,0.7780,3.7302,1.0558,-73.32950,41.29050,-73.33350,41.30550,1.3305,0.3815,41.29637,-73.33097,41.2905,41.3045,-73.3375,-73.3235,550,561,521,542,601,0,0,0,0,0,
311,Hamden,0.422396,118,0.7591,0.9337,3.4893,0.9817,-72.93050,41.36950,-72.94250,41.38050,0.8131,0.4360,41.37431,-72.93564,41.3695,41.3795,-72.9435,-72.9265,551,584,642,478,624,0,0,0,0,0,
223,North Branford,0.418816,117,1.1042,0.6743,3.6607,1.1091,-72.76250,41.30450,-72.76450,41.32050,1.6375,0.3927,41.31186,-72.76113,41.3045,41.3195,-72.7655,-72.7535,552,571,506,593,580,0,0,0,0,0,
318,Killingworth,0.418816,117,1.1732,0.5187,3.3838,1.1914,-72.54450,41.37150,-72.54050,41.38850,2.2618,0.4596,41.38069,-72.54259,41.3715,41.3875,-72.5465,-72.5375,553,598,486,683,545,0,0,0,0,0,
485,Middlefield,0.418816,117,0.8281,1.0374,3.8691,1.1444,-72.69450,41.50450,-72.67450,41.51150,0.7983,0.3516,41.50541,-72.68391,41.5005,41.5115,-72.6945,-72.6755,554,544,614,433,565,0,0,0,0,0,
160,Easton,0.415237,116,0.8281,0.9855,3.9034,1.0442,-73.33450,41.28150,-73.31550,41.27650,0.8403,0.3425,41.28022,-73.32473,41.2745,41.2855,-73.3345,-73.3165,555,536,603,444,605,0,0,0,0,0,
1113,Suffield,0.415237,116,1.3802,1.2449,5.2502,1.6664,-72.65050,42.00450,-72.66850,42.02450,1.1087,0.1893,42.01381,-72.66087,42.0045,42.0235,-72.6715,-72.6485,556,415,441,379,414,0,0,0,0,0,
58,Westport,0.404498,113,1.1732,0.6743,3.7988,1.2138,-73.37250,41.13950,-73.37850,41.15650,1.7399,0.3522,41.14702,-73.37622,41.1395,41.1555,-73.3825,-73.3705,557,554,479,589,538,0,0,0,0,0,
166,Westbrook,0.404498,113,0.8281,1.0893,3.8348,1.1426,-72.48550,41.28850,-72.46450,41.28350,0.7603,0.3457,41.28394,-72.47623,41.2785,41.2895,-72.4855,-72.4655,558,548,604,409,569,0,0,0,0,0,
860,Litchfield,0.400918,112,0.7591,0.9337,3.6616,1.0512,-73.29750,41.77950,-73.27950,41.77250,0.8131,0.3758,41.77417,-73.28902,41.7695,41.7795,-73.2975,-73.2805,559,567,653,489,603,0,0,0,0,0,
297,Groton,0.397339,111,0.6901,0.7780,3.0744,0.9649,-71.97650,41.35750,-71.98950,41.36750,0.8870,0.5283,41.36166,-71.98418,41.3575,41.3665,-71.9905,-71.9765,560,628,668,545,630,0,0,0,0,0,
767,Washington,0.397339,111,0.7591,0.8299,3.1781,0.8814,-73.37350,41.68850,-73.35850,41.68250,0.9147,0.4944,41.68589,-73.36560,41.6815,41.6915,-73.3735,-73.3585,561,616,650,534,662,0,0,0,0,0,
852,Litchfield,0.397339,111,1.3112,0.5187,3.8673,1.3366,-73.24350,41.76350,-73.24850,41.78250,2.5279,0.3338,41.77292,-73.24779,41.7635,41.7815,-73.2525,-73.2435,562,546,456,704,504,0,0,0,0,0,
1102,Suffield,0.397339,111,0.8281,1.0374,3.7311,1.1444,-72.63950,42.00250,-72.61950,42.00950,0.7983,0.3587,42.00355,-72.62855,41.9985,42.0095,-72.6395,-72.6205,563,560,633,443,568,0,0,0,0,0,
32,Stamford,0.393759,110,1.0352,0.6743,3.4190,1.0468,-73.58950,41.08250,-73.58650,41.09750,1.5352,0.4233,41.08918,-73.58925,41.0825,41.0965,-73.5955,-73.5835,564,591,520,586,604,0,0,0,0,0,
947,Sharon,0.393759,110,0.8972,0.9855,3.7654,1.2221,-73.44150,41.85750,-73.45750,41.87050,0.9103,0.3490,41.86277,-73.44965,41.8575,41.8695,-73.4585,-73.4405,565,557,593,468,535,0,0,0,0,0,
1073,Somers,0.390179,109,0.6901,1.0374,3.4550,1.1444,-72.42250,41.97550,-72.44250,41.98250,0.6652,0.4107,41.97700,-72.43354,41.9735,41.9825,-72.4425,-72.4235,566,587,687,442,567,0,0,0,0,0,
394,East Haddam,0.386600,108,0.6901,0.9855,3.3513,1.0690,-72.41050,41.43550,-72.42950,41.44150,0.7003,0.4326,41.43660,-72.42149,41.4325,41.4415,-72.4295,-72.4115,567,599,670,448,591,0,0,0,0,0,
894,Goshen,0.386600,108,1.6563,0.4150,4.3500,1.6853,-73.24350,41.82750,-73.23750,41.80350,3.9915,0.2567,41.81716,-73.24075,41.8035,41.8265,-73.2445,-73.2375,568,497,372,782,411,0,0,0,0,0,
980,Sharon,0.386600,108,1.3112,0.5187,3.6598,1.3606,-73.46750,41.90950,-73.47450,41.89050,2.5279,0.3627,41.89918,-73.47137,41.8905,41.9085,-73.4765,-73.4675,569,573,458,708,499,0,0,0,0,0,
967,Ellington,0.383020,107,0.8281,0.6224,2.9012,0.8912,-72.50450,41.88850,-72.51350,41.87750,1.3305,0.5719,41.88341,-72.51054,41.8775,41.8885,-72.5155,-72.5045,570,646,630,643,660,0,0,0,0,0,
833,Burlington,0.375861,105,1.0352,0.5706,3.3152,1.0672,-72.94750,41.75250,-72.94250,41.73750,1.8143,0.4297,41.74370,-72.94743,41.7375,41.7515,-72.9525,-72.9425,571,604,542,666,596,0,0,0,0,0,
844,Warren,0.375861,105,1.4492,0.3631,3.8322,1.4576,-73.34750,41.75650,-73.34450,41.77750,3.9915,0.3216,41.76671,-73.34560,41.7565,41.7765,-73.3485,-73.3425,572,553,422,819,469,0,0,0,0,0,
1010,Woodstock,0.375861,105,1.4492,0.3631,3.7284,1.4502,-71.98750,41.93350,-71.98650,41.91250,3.9915,0.3398,41.92260,-71.98784,41.9125,41.9325,-71.9905,-71.9845,573,564,423,821,471,0,0,0,0,0,
1101,Hartland,0.375861,105,0.8972,0.9337,3.6616,1.0632,-72.99450,41.99850,-72.98350,42.01150,0.9609,0.3523,42.00376,-72.98780,41.9985,42.0105,-72.9965,-72.9795,574,570,599,498,600,0,0,0,0,0,
847,East Hartford,0.372281,104,0.7591,0.5706,2.7631,0.8912,-72.58450,41.76950,-72.59350,41.75850,1.3305,0.6127,41.76363,-72.58966,41.7585,41.7685,-72.5945,-72.5845,575,661,652,667,659,0,0,0,0,0,
958,Ashford,0.372281,104,0.8972,1.1930,4.1803,1.2245,-72.21650,41.87850,-72.19350,41.87450,0.7520,0.2677,41.87575,-72.20563,41.8705,41.8825,-72.2165,-72.1945,576,510,596,391,532,0,0,0,0,0,
676,Sprague,0.368702,103,1.1732,0.6743,3.6950,1.3046,-72.04450,41.61850,-72.05550,41.63550,1.7399,0.3394,41.62678,-72.05008,41.6185,41.6345,-72.0565,-72.0445,577,565,490,607,516,0,0,0,0,0,
811,Farmington,0.368702,103,1.1042,0.6224,3.4533,1.1472,-72.79650,41.72750,-72.80250,41.71150,1.7740,0.3885,41.71869,-72.80001,41.7115,41.7265,-72.8055,-72.7945,578,589,513,640,563,0,0,0,0,0,
1007,Granby,0.368702,103,1.1732,0.7262,3.9025,1.2015,-72.80150,41.91050,-72.79650,41.92750,1.6156,0.3042,41.91914,-72.80094,41.9105,41.9265,-72.8075,-72.7945,579,541,495,579,542,0,0,0,0,0,
747,Plainville,0.365122,102,1.5873,0.6224,4.8344,1.6083,-72.84550,41.67250,-72.84050,41.69550,2.5501,0.1963,41.68326,-72.84585,41.6725,41.6945,-72.8515,-72.8405,580,453,389,639,428,0,0,0,0,0,
57,Norwalk,0.357963,100,0.8281,0.8818,3.4199,0.9058,-73.45450,41.14050,-73.43750,41.13750,0.9392,0.3846,41.13988,-73.44532,41.1355,41.1465,-73.4545,-73.4385,581,590,601,501,645,0,0,0,0,0,
664,Watertown,0.357963,100,0.8972,0.7262,3.2467,1.0363,-73.10350,41.61050,-73.09350,41.62350,1.2355,0.4268,41.61509,-73.09704,41.6105,41.6225,-73.1045,-73.0915,582,612,587,570,608,0,0,0,0,0,
115,Wilton,0.354383,99,0.9662,0.7262,3.5227,1.0966,-73.41350,41.23650,-73.42350,41.25050,1.3305,0.3589,41.24150,-73.42093,41.2365,41.2495,-73.4265,-73.4135,583,583,553,559,586,0,0,0,0,0,
213,Madison,0.354383,99,1.4492,0.5187,3.9359,1.4823,-72.60850,41.29850,-72.61450,41.31950,2.7940,0.2875,41.30849,-72.61301,41.2985,41.3185,-72.6175,-72.6085,584,535,411,680,461,0,0,0,0,0,
504,Middlebury,0.354383,99,1.3802,0.4668,3.9016,1.4044,-73.10650,41.52950,-73.10150,41.50950,2.9566,0.2925,41.51934,-73.10272,41.5095,41.5285,-73.1075,-73.0995,585,542,435,730,482,0,0,0,0,0,
327,Chester,0.350803,98,1.3112,0.8299,4.2823,1.4300,-72.50050,41.37850,-72.48950,41.39750,1.5800,0.2404,41.38732,-72.49837,41.3785,41.3965,-72.5045,-72.4895,586,502,445,529,473,0,0,0,0,0,
409,Montville,0.350803,98,1.1042,0.9855,4.1794,1.3268,-72.13550,41.44250,-72.15150,41.45750,1.1204,0.2524,41.44792,-72.14337,41.4415,41.4565,-72.1525,-72.1345,587,511,511,449,511,0,0,0,0,0,
716,Washington,0.350803,98,0.6901,0.9855,3.7311,1.0235,-73.30850,41.65450,-73.28950,41.65850,0.7003,0.3167,41.65691,-73.30092,41.6535,41.6625,-73.3085,-73.2905,588,559,681,461,611,0,0,0,0,0,
1080,Stafford,0.350803,98,0.6211,0.9337,3.1095,0.9736,-72.37750,41.98150,-72.39550,41.98550,0.6652,0.4559,41.98399,-72.38716,41.9805,41.9885,-72.3955,-72.3785,589,620,728,497,629,0,0,0,0,0,
72,Stratford,0.347224,97,0.9662,1.0374,4.0071,1.3081,-73.14150,41.17550,-73.12450,41.16150,0.9313,0.2717,41.16877,-73.13411,41.1615,41.1745,-73.1435,-73.1245,590,523,551,427,513,0,0,0,0,0,
525,Woodbury,0.347224,97,0.8281,0.7262,3.1086,1.0057,-73.24050,41.52550,-73.22950,41.53750,1.1404,0.4515,41.53160,-73.23597,41.5255,41.5365,-73.2425,-73.2295,591,621,617,566,618,0,0,0,0,0,
889,Mansfield,0.347224,97,1.3802,0.7262,4.5240,1.4413,-72.20350,41.79750,-72.19550,41.81750,1.9007,0.2132,41.80517,-72.19806,41.7975,41.8165,-72.2055,-72.1925,592,480,439,577,472,0,0,0,0,0,
1088,Enfield,0.347224,97,0.5521,0.8299,2.9020,0.8988,-72.57150,41.99550,-72.55550,41.99050,0.6652,0.5181,41.99255,-72.56472,41.9895,41.9965,-72.5715,-72.5565,593,643,764,539,656,0,0,0,0,0,
1103,Stafford,0.347224,97,0.9662,0.6224,3.2809,1.0730,-72.26850,41.99850,-72.25950,42.01250,1.5522,0.4053,42.00353,-72.26430,41.9985,42.0115,-72.2705,-72.2595,594,610,572,645,590,0,0,0,0,0,
299,Waterford,0.340065,95,0.7591,0.8299,3.4541,0.9603,-72.16850,41.36250,-72.18450,41.36950,0.9147,0.3582,41.36482,-72.17796,41.3595,41.3695,-72.1845,-72.1695,595,588,641,528,631,0,0,0,0,0,
488,Bridgewater,0.340065,95,1.3112,0.5706,3.7636,1.3606,-73.36150,41.52150,-73.35450,41.50250,2.2981,0.3017,41.51218,-73.35639,41.5025,41.5205,-73.3625,-73.3525,596,558,449,656,497,0,0,0,0,0,
543,East Hampton,0.340065,95,1.5183,0.3631,3.8664,1.5324,-72.52650,41.53550,-72.53050,41.55750,4.1815,0.2859,41.54577,-72.52902,41.5355,41.5565,-72.5315,-72.5255,597,547,402,811,452,0,0,0,0,0,
773,Canterbury,0.340065,95,0.6901,0.7780,3.0744,0.8954,-71.97950,41.68450,-71.99050,41.69450,0.8870,0.4521,41.68970,-71.98301,41.6845,41.6935,-71.9915,-71.9775,598,629,682,553,657,0,0,0,0,0,
957,Torrington,0.340065,95,0.8972,0.7262,3.3504,1.0113,-73.10650,41.86950,-73.11550,41.88250,1.2355,0.3807,41.87497,-73.11033,41.8695,41.8815,-73.1165,-73.1035,599,601,595,578,617,0,0,0,0,0,
1086,Woodstock,0.340065,95,0.5521,0.8818,2.8678,0.9240,-71.98850,41.99250,-71.97150,41.98850,0.6261,0.5196,41.99102,-71.97941,41.9875,41.9945,-71.9885,-71.9725,600,650,763,524,639,0,0,0,0,0,
484,Middlebury,0.329326,92,0.9662,0.6224,3.2809,0.9786,-73.14450,41.50050,-73.14750,41.51450,1.5522,0.3844,41.50832,-73.14807,41.5005,41.5135,-73.1545,-73.1435,601,607,557,629,625,0,0,0,0,0,
531,Bridgewater,0.329326,92,0.8972,0.5706,2.9354,0.9031,-73.39150,41.52950,-73.39350,41.54250,1.5724,0.4803,41.53572,-73.39289,41.5295,41.5415,-73.3975,-73.3875,602,639,583,659,651,0,0,0,0,0,
789,Kent,0.329326,92,1.3802,0.7262,4.2128,1.4935,-73.48950,41.70050,-73.47850,41.72050,1.9007,0.2332,41.70951,-73.48361,41.7005,41.7195,-73.4905,-73.4775,603,507,438,574,460,0,0,0,0,0,
828,Warren,0.325746,91,0.4831,1.1930,3.6282,1.2245,-73.39250,41.73550,-73.36950,41.73950,0.4049,0.3110,41.73688,-73.38163,41.7335,41.7395,-73.3925,-73.3705,604,575,798,390,531,0,0,0,0,0,
882,Cornwall,0.325746,91,1.2422,0.7262,3.9368,1.3281,-73.29750,41.78950,-73.30950,41.80650,1.7106,0.2641,41.79640,-73.30373,41.7885,41.8055,-73.3105,-73.2975,605,534,474,576,507,0,0,0,0,0,
563,Bozrah,0.322166,90,0.8972,0.5187,2.9354,0.9031,-72.20850,41.54650,-72.20650,41.55950,1.7296,0.4698,41.55236,-72.20809,41.5465,41.5585,-72.2125,-72.2035,606,640,584,692,652,0,0,0,0,0,
613,Watertown,0.322166,90,0.9662,0.7780,3.4884,1.1493,-73.12950,41.59450,-73.14150,41.58050,1.2418,0.3327,41.58574,-73.13394,41.5805,41.5935,-73.1425,-73.1285,607,585,560,550,561,0,0,0,0,0,
675,Sprague,0.322166,90,0.6901,0.9337,3.2475,0.9438,-72.07850,41.62350,-72.06050,41.62150,0.7392,0.3839,41.62246,-72.06923,41.6185,41.6275,-72.0785,-72.0615,608,611,679,485,636,0,0,0,0,0,
444,Wallingford,0.318587,89,0.8972,0.9855,3.7654,1.2579,-72.78850,41.46550,-72.77150,41.47850,0.9103,0.2824,41.47131,-72.77989,41.4655,41.4775,-72.7895,-72.7715,609,556,579,451,526,0,0,0,0,0,
657,Wolcott,0.315007,88,0.9662,0.7262,3.3847,1.0730,-72.97450,41.60550,-72.96550,41.61950,1.3305,0.3455,41.61174,-72.97163,41.6055,41.6185,-72.9785,-72.9655,610,596,562,568,589,0,0,0,0,0,
659,Cromwell,0.311428,87,0.8972,0.8818,3.5579,1.1875,-72.65450,41.60650,-72.66950,41.61950,1.0174,0.3092,41.61295,-72.66232,41.6065,41.6185,-72.6705,-72.6545,611,580,586,513,547,0,0,0,0,0,
680,Marlborough,0.311428,87,0.9662,0.6743,3.2809,1.0151,-72.47150,41.62250,-72.47750,41.63650,1.4328,0.3636,41.62903,-72.47311,41.6225,41.6355,-72.4785,-72.4665,612,608,564,608,615,0,0,0,0,0,
699,Bethlehem,0.311428,87,1.3112,0.5706,4.0053,1.3606,-73.23150,41.64250,-73.22450,41.66150,2.2981,0.2439,41.64960,-73.22703,41.6425,41.6605,-73.2325,-73.2225,613,525,455,663,498,0,0,0,0,0,
195,Clinton,0.307848,86,0.6211,0.8299,3.0401,0.8814,-72.55650,41.29750,-72.54150,41.29150,0.7484,0.4186,41.29502,-72.54959,41.2905,41.2985,-72.5575,-72.5425,614,632,698,527,661,0,0,0,0,0,
874,Mansfield,0.307848,86,1.0352,0.8818,3.8339,1.2645,-72.24250,41.79650,-72.22850,41.78150,1.1740,0.2632,41.78791,-72.23653,41.7815,41.7955,-72.2445,-72.2285,615,552,543,521,523,0,0,0,0,0,
984,Simsbury,0.304268,85,1.2422,0.4668,3.7293,1.2594,-72.79450,41.89250,-72.79850,41.91050,2.6610,0.2749,41.90099,-72.79495,41.8925,41.9095,-72.7995,-72.7915,616,563,475,747,525,0,0,0,0,0,
633,Marlborough,0.297109,83,0.8281,0.5187,2.9012,0.8426,-72.41950,41.60050,-72.42250,41.58850,1.5966,0.4436,41.59373,-72.42008,41.5885,41.5995,-72.4245,-72.4155,617,645,619,696,674,0,0,0,0,0,
881,Mansfield,0.297109,83,0.8972,0.9337,3.6616,1.2221,-72.21450,41.78750,-72.23050,41.80050,0.9609,0.2785,41.79383,-72.22291,41.7875,41.7995,-72.2315,-72.2145,618,569,592,491,534,0,0,0,0,0,
8,Greenwich,0.293529,82,0.5521,0.7780,2.7983,0.8359,-73.60650,41.03250,-73.62050,41.02650,0.7096,0.4711,41.02954,-73.61496,41.0255,41.0325,-73.6215,-73.6075,619,655,733,541,680,0,0,0,0,0,
352,Seymour,0.293529,82,1.3112,0.4150,3.5561,1.3275,-73.04650,41.40050,-73.04250,41.41950,3.1599,0.2917,41.40915,-73.04580,41.4005,41.4185,-73.0495,-73.0425,620,581,446,756,508,0,0,0,0,0,
43,Greenwich,0.289950,81,0.6211,0.7262,2.6946,0.8040,-73.64950,41.11650,-73.63550,41.12150,0.8553,0.5018,41.11883,-73.64292,41.1145,41.1225,-73.6495,-73.6365,621,666,692,558,689,0,0,0,0,0,
39,Darien,0.286370,80,0.5521,1.0893,3.5588,1.0980,-73.48150,41.10150,-73.46050,41.09950,0.5069,0.2841,41.09986,-73.47176,41.0965,41.1035,-73.4815,-73.4615,622,579,734,406,582,0,0,0,0,0,
274,Shelton,0.286370,80,0.8281,0.5187,2.6937,0.9042,-73.16950,41.35050,-73.16250,41.33850,1.5966,0.4960,41.34284,-73.16791,41.3385,41.3495,-73.1715,-73.1625,623,667,607,682,648,0,0,0,0,0,
915,Brooklyn,0.286370,80,0.9662,0.5187,3.0735,1.0321,-71.97150,41.82050,-71.96450,41.83450,1.8627,0.3810,41.82605,-71.96752,41.8205,41.8335,-71.9725,-71.9635,624,630,569,707,610,0,0,0,0,0,
879,Cornwall,0.282791,79,0.8972,0.9337,3.6616,1.1542,-73.38350,41.80050,-73.36950,41.78750,0.9609,0.2651,41.79364,-73.37784,41.7875,41.7995,-73.3865,-73.3695,625,568,591,490,560,0,0,0,0,0,
6,Greenwich,0.279211,78,0.7591,0.7262,3.0744,0.9817,-73.64450,41.02350,-73.65650,41.03450,1.0454,0.3712,41.02938,-73.65151,41.0235,41.0335,-73.6575,-73.6445,626,627,634,557,623,0,0,0,0,0,
100,Milford,0.279211,78,0.7591,0.6224,2.7631,0.7870,-73.01150,41.21850,-73.01550,41.22950,1.2196,0.4596,41.22288,-73.01612,41.2185,41.2285,-73.0225,-73.0115,627,660,637,620,693,0,0,0,0,0,
296,Guilford,0.279211,78,1.0352,0.4668,3.1078,1.0672,-72.69250,41.35650,-72.69750,41.37150,2.2175,0.3633,41.36310,-72.69674,41.3565,41.3705,-72.7005,-72.6925,628,622,524,721,593,0,0,0,0,0,
521,Middlefield,0.279211,78,1.0352,0.4668,3.1078,1.0809,-72.71650,41.53750,-72.72250,41.52250,2.2175,0.3633,41.52946,-72.72103,41.5225,41.5365,-72.7245,-72.7165,629,624,531,732,588,0,0,0,0,0,
238,Guilford,0.275631,77,0.8281,0.5706,2.7974,0.8678,-72.66150,41.32450,-72.65650,41.31250,1.4514,0.4426,41.31747,-72.66060,41.3125,41.3235,-72.6655,-72.6555,630,656,606,651,664,0,0,0,0,0,
349,Danbury,0.275631,77,0.8281,0.5706,2.9012,0.8678,-73.40750,41.39950,-73.40250,41.41150,1.4514,0.4115,41.40538,-73.40564,41.3995,41.4105,-73.4105,-73.4005,631,644,609,653,665,0,0,0,0,0,
816,Warren,0.275631,77,1.0352,0.4668,3.1078,1.0672,-73.33550,41.72150,-73.33050,41.73650,2.2175,0.3586,41.72858,-73.33277,41.7215,41.7355,-73.3365,-73.3285,632,625,541,742,595,0,0,0,0,0,
950,Willington,0.275631,77,0.8972,0.5706,2.9354,0.9208,-72.30350,41.86250,-72.30750,41.87550,1.5724,0.4020,41.86853,-72.30481,41.8625,41.8745,-72.3095,-72.2995,633,641,594,670,641,0,0,0,0,0,
1128,Enfield,0.275631,77,0.8972,0.5706,2.9354,0.9496,-72.55350,42.02750,-72.54750,42.01450,1.5724,0.4020,42.02051,-72.55097,42.0145,42.0265,-72.5555,-72.5455,634,642,600,674,634,0,0,0,0,0,
623,Roxbury,0.272052,76,0.9662,0.5187,2.9697,1.0004,-73.33150,41.58650,-73.32650,41.60050,1.8627,0.3876,41.59422,-73.33043,41.5865,41.5995,-73.3345,-73.3255,635,637,561,695,619,0,0,0,0,0,
723,New Britain,0.272052,76,0.8972,0.6224,3.2467,1.0113,-72.76950,41.65650,-72.76050,41.66950,1.4414,0.3243,41.66170,-72.76346,41.6565,41.6685,-72.7705,-72.7595,636,613,588,637,616,0,0,0,0,0,
671,Bethlehem,0.268472,75,0.7591,0.6743,2.8669,0.9496,-73.18450,41.61650,-73.19550,41.62750,1.1258,0.4105,41.62130,-73.19063,41.6165,41.6265,-73.1965,-73.1845,637,652,648,606,633,0,0,0,0,0,
701,Southington,0.268472,75,0.6211,0.6224,2.4871,0.7117,-72.89750,41.64950,-72.88550,41.64450,0.9979,0.5454,41.64693,-72.89213,41.6435,41.6515,-72.8975,-72.8865,638,690,713,636,726,0,0,0,0,0,
269,Madison,0.264892,74,0.6901,0.7262,2.8326,0.8359,-72.63950,41.33550,-72.65350,41.34150,0.9503,0.4149,41.33922,-72.64704,41.3345,41.3435,-72.6535,-72.6405,639,653,666,561,681,0,0,0,0,0,
433,Haddam,0.264892,74,0.8281,0.6743,3.0049,0.9263,-72.62450,41.45950,-72.61650,41.47150,1.2281,0.3687,41.46584,-72.61969,41.4595,41.4705,-72.6255,-72.6135,640,634,612,597,637,0,0,0,0,0,
482,Southbury,0.264892,74,0.8972,0.5706,2.9354,0.9507,-73.29650,41.51250,-73.28750,41.50050,1.5724,0.3863,41.50676,-73.29142,41.5005,41.5125,-73.2975,-73.2875,641,638,582,655,632,0,0,0,0,0,
710,Marlborough,0.264892,74,0.8281,0.4668,2.5899,0.8537,-72.46850,41.66150,-72.47250,41.64950,1.7740,0.4962,41.65400,-72.47082,41.6495,41.6605,-72.4755,-72.4675,642,683,622,735,670,0,0,0,0,0,
721,Glastonbury,0.261313,73,0.8281,0.5187,2.7974,0.8426,-72.57250,41.65550,-72.56950,41.66750,1.5966,0.4196,41.66079,-72.57064,41.6555,41.6665,-72.5755,-72.5665,643,657,623,699,676,0,0,0,0,0,
916,Cornwall,0.261313,73,0.8281,0.6743,3.0049,0.9772,-73.36350,41.82450,-73.35350,41.83650,1.2281,0.3637,41.83132,-73.36034,41.8245,41.8355,-73.3655,-73.3535,644,635,627,614,626,0,0,0,0,0,
1125,Suffield,0.261313,73,0.7591,0.7262,2.9706,0.8793,-72.63450,42.01250,-72.62250,42.02150,1.0454,0.3721,42.01829,-72.63083,42.0125,42.0225,-72.6355,-72.6225,645,636,659,584,663,0,0,0,0,0,
237,Derby,0.257733,72,1.1042,0.4668,3.3495,1.1151,-73.04150,41.32850,-73.03850,41.31250,2.3653,0.2887,41.31949,-73.04269,41.3125,41.3275,-73.0465,-73.0385,646,602,508,718,579,0,0,0,0,0,
810,Bristol,0.257733,72,0.8972,0.4668,2.7280,0.9031,-72.93450,41.71150,-72.93250,41.72450,1.9218,0.4352,41.71831,-72.93563,41.7115,41.7235,-72.9405,-72.9325,647,665,589,741,653,0,0,0,0,0,
988,Putnam,0.257733,72,0.5521,0.9855,3.0752,1.0690,-71.86550,41.89750,-71.88450,41.90350,0.5602,0.3425,41.90024,-71.87582,41.8965,41.9035,-71.8845,-71.8665,648,626,761,471,592,0,0,0,0,0,
1052,Woodstock,0.257733,72,0.6211,0.5706,2.3833,0.7770,-72.03850,41.95750,-72.02950,41.96650,1.0886,0.5702,41.96225,-72.03540,41.9575,41.9655,-72.0395,-72.0295,649,707,725,673,698,0,0,0,0,0,
383,North Stonington,0.254154,71,0.5521,0.7262,2.5565,0.7769,-71.83250,41.42750,-71.81850,41.43150,0.7603,0.4887,41.42843,-71.82530,41.4245,41.4315,-71.8325,-71.8195,650,685,740,564,699,0,0,0,0,0,
619,Berlin,0.254154,71,1.0352,0.3631,2.9003,1.0404,-72.82450,41.58450,-72.82250,41.59950,2.8510,0.3797,41.59123,-72.82453,41.5845,41.5985,-72.8275,-72.8215,651,649,535,816,607,0,0,0,0,0,
842,Litchfield,0.254154,71,0.8281,0.4668,2.6937,0.9042,-73.25350,41.75450,-73.26050,41.76650,1.7740,0.4402,41.75999,-73.25795,41.7545,41.7655,-73.2615,-73.2535,652,668,624,743,649,0,0,0,0,0,
54,Norwalk,0.250574,70,0.7591,0.6224,2.7631,0.8022,-73.40850,41.12950,-73.41350,41.14050,1.2196,0.4124,41.13451,-73.41241,41.1295,41.1395,-73.4185,-73.4075,653,659,636,619,690,0,0,0,0,0,
995,Barkhamsted,0.250574,70,1.0352,0.6743,3.4190,1.0970,-72.96250,41.90350,-72.96950,41.91850,1.5352,0.2694,41.91034,-72.96597,41.9035,41.9175,-72.9715,-72.9595,654,593,544,617,585,0,0,0,0,0,
1120,Woodstock,0.250574,70,1.1732,0.3631,3.0726,1.1914,-71.97450,42.00850,-71.97850,42.02550,3.2312,0.3335,42.01689,-71.97673,42.0085,42.0245,-71.9795,-71.9735,655,631,498,824,546,0,0,0,0,0,
493,Cheshire,0.243415,68,0.5521,0.9855,3.3513,1.0442,-72.87950,41.50950,-72.89850,41.50450,0.5602,0.2724,41.50769,-72.89110,41.5035,41.5105,-72.8985,-72.8805,656,600,744,454,606,0,0,0,0,0,
568,Middletown,0.243415,68,0.7591,0.6743,2.8669,0.8912,-72.67250,41.56050,-72.68150,41.54950,1.1258,0.3722,41.55521,-72.67653,41.5495,41.5595,-72.6825,-72.6705,657,651,646,600,658,0,0,0,0,0,
610,Middletown,0.243415,68,0.8972,0.6743,3.1429,1.0632,-72.73950,41.59150,-72.75050,41.57850,1.3305,0.3097,41.58463,-72.74547,41.5785,41.5905,-72.7515,-72.7395,658,618,585,604,599,0,0,0,0,0,
221,Shelton,0.236255,66,0.6901,0.6224,2.6251,0.7372,-73.10750,41.30450,-73.10250,41.31450,1.1087,0.4308,41.30936,-73.10791,41.3045,41.3135,-73.1135,-73.1025,659,674,664,623,716,0,0,0,0,0,
429,Durham,0.236255,66,1.0352,0.6224,3.3152,1.1579,-72.71850,41.46850,-72.72850,41.45350,1.6631,0.2701,41.46074,-72.72330,41.4535,41.4675,-72.7295,-72.7185,660,603,526,627,558,0,0,0,0,0,
690,Voluntown,0.236255,66,0.6901,0.5187,2.4176,0.7074,-71.80350,41.64450,-71.80650,41.63450,1.3305,0.5079,41.63918,-71.80555,41.6345,41.6435,-71.8105,-71.8015,661,700,680,698,728,0,0,0,0,0,
738,Glastonbury,0.236255,66,0.4831,0.6743,2.3148,0.7054,-72.59350,41.67050,-72.58050,41.67350,0.7164,0.5541,41.67088,-72.58733,41.6675,41.6735,-72.5935,-72.5815,662,714,792,609,731,0,0,0,0,0,
1024,East Granby,0.236255,66,1.3112,0.5187,3.6598,1.3753,-72.74250,41.92250,-72.73450,41.94150,2.5279,0.2216,41.93233,-72.73898,41.9225,41.9405,-72.7435,-72.7345,663,574,460,709,493,0,0,0,0,0,
741,Columbia,0.232676,65,0.6211,0.6743,2.5908,0.7770,-72.27850,41.67750,-72.28750,41.66850,0.9211,0.4356,41.67219,-72.28219,41.6685,41.6765,-72.2885,-72.2765,664,680,715,610,696,0,0,0,0,0,
1089,Somers,0.232676,65,0.6211,0.8818,3.0058,0.9742,-72.48050,41.99650,-72.46350,41.99050,0.7044,0.3236,41.99276,-72.47368,41.9895,41.9975,-72.4805,-72.4645,665,633,729,525,628,0,0,0,0,0,
268,Ansonia,0.229096,64,0.6901,0.6224,2.6251,0.7230,-73.03950,41.33650,-73.04850,41.34450,1.1087,0.4178,41.33864,-73.04584,41.3345,41.3435,-73.0505,-73.0395,666,675,665,625,717,0,0,0,0,0,
689,East Hampton,0.229096,64,0.6211,0.9337,3.1095,1.0512,-72.50850,41.63450,-72.49050,41.64150,0.6652,0.2977,41.63681,-72.50002,41.6335,41.6415,-72.5085,-72.4915,667,619,712,486,602,0,0,0,0,0,
714,Hebron,0.229096,64,0.4141,0.8818,2.7297,0.9058,-72.41250,41.65550,-72.42950,41.65250,0.4696,0.3864,41.65383,-72.42047,41.6515,41.6565,-72.4295,-72.4135,668,662,841,517,647,0,0,0,0,0,
652,Portland,0.225517,63,0.5521,0.6743,2.4528,0.7575,-72.58250,41.61150,-72.59250,41.60350,0.8188,0.4710,41.60707,-72.58736,41.6035,41.6105,-72.5935,-72.5815,669,693,752,605,705,0,0,0,0,0,
872,Coventry,0.225517,63,1.1042,0.4150,3.2458,1.1091,-72.35550,41.78050,-72.35750,41.79650,2.6610,0.2690,41.78790,-72.35740,41.7805,41.7955,-72.3605,-72.3535,670,614,514,781,581,0,0,0,0,0,
132,Wilton,0.221937,62,0.8972,0.4150,2.6242,0.9105,-73.44650,41.24850,-73.44950,41.26150,2.1620,0.4050,41.25485,-73.44739,41.2485,41.2605,-73.4505,-73.4435,671,677,574,752,643,0,0,0,0,0,
584,Watertown,0.221937,62,0.6211,0.5187,2.2796,0.6608,-73.11050,41.57250,-73.10350,41.56450,1.1974,0.5367,41.56856,-73.10763,41.5645,41.5725,-73.1125,-73.1035,672,724,706,693,754,0,0,0,0,0,
815,Plainfield,0.221937,62,0.9662,0.7262,3.3847,1.1221,-71.88550,41.71750,-71.87450,41.73150,1.3305,0.2434,41.72390,-71.87911,41.7175,41.7305,-71.8865,-71.8735,673,597,567,575,574,0,0,0,0,0,
73,Westport,0.218357,61,0.6901,0.5187,2.4176,0.7570,-73.34650,41.16450,-73.35250,41.17450,1.3305,0.4695,41.16819,-73.35134,41.1645,41.1735,-73.3555,-73.3465,674,697,661,676,709,0,0,0,0,0,
441,Wallingford,0.218357,61,0.6211,0.5187,2.2796,0.7194,-72.73950,41.46350,-72.73250,41.47250,1.1974,0.5280,41.46806,-72.73670,41.4635,41.4715,-72.7405,-72.7315,675,722,701,688,722,0,0,0,0,0,
538,Cheshire,0.218357,61,0.4141,0.7780,2.3842,0.7902,-72.88950,41.53450,-72.87450,41.53250,0.5322,0.4827,41.53363,-72.88230,41.5315,41.5365,-72.8895,-72.8755,676,702,835,549,692,0,0,0,0,0,
547,Colchester,0.218357,61,0.6211,0.5706,2.3833,0.6947,-72.43050,41.53750,-72.43650,41.54650,1.0886,0.4831,41.54194,-72.43211,41.5375,41.5455,-72.4375,-72.4275,677,705,704,660,735,0,0,0,0,0,
609,Sherman,0.218357,61,0.6211,0.6224,2.4871,0.7575,-73.47650,41.57950,-73.46650,41.58750,0.9979,0.4436,41.58212,-73.47163,41.5785,41.5865,-73.4775,-73.4665,678,689,708,632,704,0,0,0,0,0,
835,Bolton,0.218357,61,0.6211,0.6743,2.5908,0.7770,-72.45150,41.75350,-72.44250,41.74450,0.9211,0.4088,41.74811,-72.44858,41.7445,41.7525,-72.4545,-72.4425,679,681,719,612,697,0,0,0,0,0,
336,Waterford,0.214778,60,0.8972,0.3112,2.4167,0.9208,-72.11850,41.39850,-72.11450,41.38550,2.8827,0.4621,41.39187,-72.11665,41.3855,41.3975,-72.1195,-72.1145,680,701,577,838,640,0,0,0,0,0,
490,Meriden,0.214778,60,1.0352,0.5187,3.1078,1.1153,-72.79650,41.51750,-72.80450,41.50250,1.9957,0.2795,41.50962,-72.80070,41.5025,41.5165,-72.8055,-72.7965,681,623,529,690,576,0,0,0,0,0,
603,Middletown,0.214778,60,1.0352,0.4150,2.9003,1.0672,-72.72650,41.59050,-72.73150,41.57550,2.4947,0.3209,41.58220,-72.72870,41.5755,41.5895,-72.7325,-72.7255,682,648,533,769,594,0,0,0,0,0,
1109,Norfolk,0.214778,60,0.6901,0.5187,2.5214,0.7206,-73.21250,42.01150,-73.20850,42.00150,1.3305,0.4245,42.00603,-73.21208,42.0015,42.0105,-73.2175,-73.2085,683,688,690,710,721,0,0,0,0,0,
519,New Milford,0.211198,59,0.8281,0.4668,2.5899,0.8537,-73.40350,41.52150,-73.40750,41.53350,1.7740,0.3957,41.52609,-73.40786,41.5215,41.5325,-73.4115,-73.4035,684,682,616,731,669,0,0,0,0,0,
927,Goshen,0.211198,59,0.5521,0.7780,2.6603,0.8051,-73.25050,41.83450,-73.23550,41.83750,0.7096,0.3750,41.83648,-73.24382,41.8335,41.8405,-73.2505,-73.2365,685,671,760,555,688,0,0,0,0,0,
282,Danbury,0.207618,58,0.7591,0.4150,2.3482,0.7749,-73.45750,41.34650,-73.46050,41.35750,1.8294,0.4732,41.35140,-73.45933,41.3465,41.3565,-73.4625,-73.4555,686,711,639,755,701,0,0,0,0,0,
459,Cheshire,0.207618,58,0.6901,0.6224,2.7289,0.8332,-72.86850,41.47450,-72.87750,41.48450,1.1087,0.3504,41.47802,-72.87486,41.4745,41.4835,-72.8795,-72.8685,687,663,675,628,684,0,0,0,0,0,
236,Easton,0.204039,57,0.4141,0.7780,2.6603,0.8256,-73.31150,41.31350,-73.29650,41.31750,0.5322,0.3623,41.31524,-73.30383,41.3125,41.3175,-73.3115,-73.2975,688,669,818,544,685,0,0,0,0,0,
873,Chaplin,0.204039,57,0.4831,0.5187,2.0036,0.6368,-72.13450,41.78750,-72.14250,41.78050,0.9313,0.6387,41.78364,-72.13892,41.7805,41.7865,-72.1435,-72.1345,689,771,800,705,769,0,0,0,0,0,
1004,Simsbury,0.204039,57,0.8281,0.6224,2.9012,0.9772,-72.76850,41.91950,-72.77850,41.90750,1.3305,0.3046,41.91315,-72.77373,41.9075,41.9185,-72.7795,-72.7685,690,647,632,644,627,0,0,0,0,0,
662,Cromwell,0.200459,56,0.4141,0.7262,2.2805,0.7769,-72.71750,41.61450,-72.70350,41.61050,0.5702,0.4844,41.61255,-72.71002,41.6095,41.6145,-72.7175,-72.7045,691,721,840,569,700,0,0,0,0,0,
987,Sharon,0.200459,56,0.9662,0.3112,2.5548,0.9882,-73.45650,41.89650,-73.45250,41.91050,3.1045,0.3860,41.90339,-73.45496,41.8965,41.9095,-73.4575,-73.4525,692,687,571,862,622,0,0,0,0,0,
601,Portland,0.196879,55,0.6211,0.6743,2.7289,0.7194,-72.62650,41.58350,-72.61950,41.57450,0.9211,0.3322,41.57848,-72.62394,41.5745,41.5825,-72.6305,-72.6185,693,664,707,602,723,0,0,0,0,0,
777,Glastonbury,0.196879,55,0.5521,0.4668,2.0378,0.6608,-72.46450,41.69650,-72.45750,41.68850,1.1827,0.5958,41.69172,-72.46197,41.6885,41.6955,-72.4655,-72.4575,694,764,757,740,757,0,0,0,0,0,
135,Orange,0.193300,54,0.8281,0.4150,2.4862,0.8346,-72.99250,41.24950,-72.99450,41.26150,1.9957,0.3930,41.25580,-72.99256,41.2495,41.2605,-72.9955,-72.9885,695,691,602,753,682,0,0,0,0,0,
185,New Haven,0.193300,54,0.6901,0.6224,2.6251,0.7798,-72.93750,41.28650,-72.93050,41.29650,1.1087,0.3525,41.29080,-72.93285,41.2865,41.2955,-72.9385,-72.9275,696,673,662,622,694,0,0,0,0,0,
478,Naugatuck,0.193300,54,0.6211,0.5187,2.2796,0.6947,-73.06550,41.50450,-73.05950,41.49550,1.1974,0.4674,41.49931,-73.06406,41.4955,41.5035,-73.0685,-73.0595,697,723,702,689,737,0,0,0,0,0,
719,Plainfield,0.193300,54,0.5521,0.4668,2.0378,0.6608,-71.87350,41.65450,-71.88050,41.66250,1.1827,0.5849,41.65820,-71.87746,41.6545,41.6615,-71.8815,-71.8735,698,761,753,736,756,0,0,0,0,0,
867,Bolton,0.193300,54,0.6211,0.4668,2.1759,0.6731,-72.44450,41.77450,-72.44950,41.78350,1.3305,0.5131,41.77841,-72.44702,41.7745,41.7825,-72.4505,-72.4425,699,740,721,744,747,0,0,0,0,0,
981,Ashford,0.193300,54,0.8281,0.4150,2.5899,0.8426,-72.19650,41.89050,-72.19350,41.90250,1.9957,0.3621,41.89622,-72.19635,41.8905,41.9015,-72.2005,-72.1935,700,684,631,786,678,0,0,0,0,0,
42,Norwalk,0.189720,53,0.4831,0.6743,2.3148,0.7575,-73.38050,41.11650,-73.39350,41.11150,0.7164,0.4449,41.11320,-73.38773,41.1105,41.1165,-73.3935,-73.3815,701,712,768,588,706,0,0,0,0,0,
81,Wilton,0.189720,53,0.5521,0.8299,2.7640,0.8988,-73.43250,41.18350,-73.44850,41.17850,0.6652,0.3121,41.18061,-73.44156,41.1775,41.1845,-73.4485,-73.4335,702,658,735,526,655,0,0,0,0,0,
117,Trumbull,0.189720,53,0.6211,0.5706,2.3833,0.6731,-73.15450,41.23650,-73.14950,41.24550,1.0886,0.4197,41.24084,-73.15193,41.2365,41.2445,-73.1565,-73.1465,703,703,696,647,744,0,0,0,0,0,
766,Sterling,0.189720,53,0.6211,0.5187,2.2796,0.6403,-71.82550,41.68050,-71.82250,41.68950,1.1974,0.4588,41.68544,-71.82639,41.6805,41.6885,-71.8315,-71.8225,704,726,716,702,762,0,0,0,0,0,
287,Newtown,0.182561,51,0.8972,0.3631,2.6242,0.9031,-73.28850,41.34850,-73.29050,41.36150,2.4709,0.3331,41.35407,-73.28917,41.3485,41.3605,-73.2915,-73.2855,705,678,576,806,650,0,0,0,0,0,
470,Middlefield,0.182561,51,0.8972,0.2593,2.3130,0.9105,-72.73950,41.49850,-72.73650,41.48550,3.4593,0.4288,41.49226,-72.73823,41.4855,41.4975,-72.7405,-72.7365,706,719,581,893,644,0,0,0,0,0,
760,Morris,0.182561,51,0.4831,0.7780,2.6603,0.8511,-73.18550,41.68450,-73.17050,41.67950,0.6209,0.3242,41.68168,-73.17844,41.6785,41.6845,-73.1855,-73.1715,707,670,793,552,671,0,0,0,0,0,
848,East Hartford,0.182561,51,0.4831,0.5706,2.1073,0.6368,-72.64950,41.75950,-72.65750,41.76650,0.8467,0.5166,41.76283,-72.65317,41.7595,41.7655,-72.6585,-72.6485,708,749,799,668,768,0,0,0,0,0,
9,Stamford,0.178981,50,0.7591,0.5706,2.6594,0.8651,-73.55350,41.04150,-73.56150,41.03050,1.3305,0.3180,41.03570,-73.55798,41.0305,41.0405,-73.5625,-73.5525,709,672,635,646,667,0,0,0,0,0,
165,Clinton,0.178981,50,0.4831,0.5706,2.1073,0.6070,-72.54550,41.28150,-72.55650,41.28450,0.8467,0.5065,41.28154,-72.55194,41.2785,41.2845,-72.5565,-72.5465,710,747,773,648,776,0,0,0,0,0,
272,Woodbridge,0.178981,50,0.6901,0.4150,2.3139,0.7570,-72.98550,41.33550,-72.99150,41.34550,1.6631,0.4201,41.33888,-72.98978,41.3355,41.3445,-72.9925,-72.9855,711,716,667,754,710,0,0,0,0,0,
549,Roxbury,0.178981,50,0.4831,0.5187,2.0036,0.6043,-73.28750,41.53850,-73.28050,41.54550,0.9313,0.5603,41.54152,-73.28454,41.5385,41.5445,-73.2895,-73.2805,712,769,788,691,778,0,0,0,0,0,
870,Mansfield,0.178981,50,0.8281,0.4150,2.4862,0.8426,-72.19550,41.77750,-72.19850,41.78950,1.9957,0.3639,41.78318,-72.19808,41.7775,41.7885,-72.2015,-72.1945,713,692,626,780,677,0,0,0,0,0,
120,Stratford,0.175402,49,0.5521,0.6224,2.3491,0.6376,-73.13950,41.24150,-73.12750,41.24350,0.8870,0.3994,41.24332,-73.13391,41.2405,41.2475,-73.1395,-73.1285,714,710,738,621,764,0,0,0,0,0,
392,Newtown,0.175402,49,0.5521,0.4668,2.0378,0.6608,-73.28850,41.43150,-73.29550,41.43950,1.1827,0.5308,41.43511,-73.29223,41.4315,41.4385,-73.2965,-73.2885,715,758,741,725,753,0,0,0,0,0,
513,Prospect,0.175402,49,0.6211,0.5706,2.3833,0.6403,-73.00850,41.51650,-73.00550,41.52550,1.0886,0.3880,41.52103,-73.00636,41.5165,41.5245,-73.0105,-73.0005,716,704,703,658,760,0,0,0,0,0,
608,Voluntown,0.175402,49,0.5521,0.5187,2.1416,0.6338,-71.83450,41.57750,-71.82850,41.58550,1.0644,0.4806,41.58001,-71.83099,41.5775,41.5845,-71.8355,-71.8265,717,743,749,694,772,0,0,0,0,0,
614,Watertown,0.175402,49,0.6901,0.4150,2.2102,0.7206,-73.10750,41.58050,-73.11150,41.59050,1.6631,0.4512,41.58426,-73.11077,41.5805,41.5895,-73.1145,-73.1075,718,732,677,770,720,0,0,0,0,0,
674,Franklin,0.175402,49,0.7591,0.5187,2.5557,0.8204,-72.12550,41.61850,-72.13150,41.62950,1.4635,0.3375,41.62342,-72.12742,41.6185,41.6285,-72.1325,-72.1235,719,686,649,697,686,0,0,0,0,0,
23,Greenwich,0.171822,48,0.6211,0.4668,2.1759,0.6947,-73.62650,41.05150,-73.63250,41.06050,1.3305,0.4561,41.05515,-73.63073,41.0515,41.0595,-73.6345,-73.6265,720,735,691,712,733,0,0,0,0,0,
416,Bethany,0.171822,48,0.6211,0.4668,2.1759,0.6731,-72.97650,41.44450,-72.98150,41.45350,1.3305,0.4561,41.44962,-72.97792,41.4445,41.4525,-72.9825,-72.9745,721,736,700,727,745,0,0,0,0,0,
545,Middlefield,0.171822,48,0.6901,0.6224,2.6251,0.8633,-72.71450,41.53650,-72.70450,41.54650,1.1087,0.3133,41.54015,-72.71006,41.5365,41.5455,-72.7155,-72.7045,722,676,676,630,668,0,0,0,0,0,
1114,Enfield,0.171822,48,0.6211,0.3631,1.9684,0.6731,-72.55250,42.00450,-72.54750,42.01350,1.7106,0.5573,42.00781,-72.55017,42.0045,42.0125,-72.5535,-72.5475,723,782,731,823,751,0,0,0,0,0,
730,Glastonbury,0.164663,46,0.6211,0.5187,2.2796,0.6907,-72.54950,41.66150,-72.55750,41.66950,1.1974,0.3982,41.66411,-72.55441,41.6605,41.6685,-72.5585,-72.5495,724,725,714,700,739,0,0,0,0,0,
756,Scotland,0.164663,46,0.5521,0.4668,2.0378,0.6043,-72.08950,41.67650,-72.09650,41.68350,1.1827,0.4983,41.68041,-72.09302,41.6765,41.6835,-72.0975,-72.0895,725,763,756,738,780,0,0,0,0,0,
698,Bethlehem,0.161083,45,0.3451,0.6224,1.9350,0.6560,-73.19350,41.64550,-73.18150,41.64250,0.5544,0.5406,41.64386,-73.18726,41.6415,41.6455,-73.1935,-73.1825,726,783,885,635,758,0,0,0,0,0,
796,Warren,0.161083,45,0.6211,0.5706,2.3833,0.7470,-73.30650,41.70250,-73.31450,41.71150,1.0886,0.3564,41.70628,-73.31057,41.7025,41.7105,-73.3155,-73.3055,727,706,718,664,714,0,0,0,0,0,
597,Southington,0.157504,44,0.5521,0.4668,2.1759,0.6608,-72.91150,41.57250,-72.90450,41.58050,1.1827,0.4181,41.57545,-72.90770,41.5725,41.5795,-72.9125,-72.9045,728,737,748,733,755,0,0,0,0,0,
945,Goshen,0.157504,44,0.6901,0.4668,2.3139,0.7570,-73.24950,41.85250,-73.25550,41.86250,1.4783,0.3697,41.85759,-73.25366,41.8525,41.8615,-73.2575,-73.2495,729,718,686,746,713,0,0,0,0,0,
1003,Simsbury,0.157504,44,0.4141,0.5706,1.9693,0.5870,-72.81150,41.90850,-72.82250,41.91050,0.7257,0.5104,41.90936,-72.81791,41.9075,41.9125,-72.8225,-72.8125,730,776,848,672,790,0,0,0,0,0,
1104,Norfolk,0.157504,44,0.7591,0.3112,2.1407,0.7662,-73.19650,41.99950,-73.19450,42.01050,2.4392,0.4319,42.00450,-73.19600,41.9995,42.0095,-73.1985,-73.1935,731,746,658,870,703,0,0,0,0,0,
45,Greenwich,0.153924,43,0.6901,0.3631,2.1064,0.6979,-73.66250,41.12650,-73.66050,41.11650,1.9007,0.4359,41.12152,-73.66150,41.1165,41.1255,-73.6645,-73.6585,732,751,660,793,732,0,0,0,0,0,
401,Southbury,0.153924,43,0.6211,0.6743,2.5908,0.8434,-73.19950,41.43650,-73.21050,41.44550,0.9211,0.2882,41.44029,-73.20610,41.4365,41.4445,-73.2115,-73.1995,733,679,699,595,672,0,0,0,0,0,
955,Tolland,0.153924,43,0.4831,0.6743,2.3148,0.7575,-72.39750,41.86850,-72.38450,41.87350,0.7164,0.3610,41.87106,-72.39127,41.8675,41.8735,-72.3975,-72.3855,734,715,802,616,708,0,0,0,0,0,
1043,East Granby,0.153924,43,0.8972,0.2593,2.3130,0.9031,-72.71750,41.94650,-72.71550,41.95950,3.4593,0.3615,41.95222,-72.71678,41.9465,41.9585,-72.7185,-72.7145,735,720,598,911,654,0,0,0,0,0,
1071,Somers,0.153924,43,0.6211,0.4668,2.1759,0.7194,-72.46350,41.97150,-72.45650,41.98050,1.3305,0.4086,41.97501,-72.46048,41.9715,41.9795,-72.4645,-72.4565,736,741,727,748,725,0,0,0,0,0,
249,Guilford,0.150344,42,0.7591,0.4668,2.4519,0.8415,-72.71750,41.31950,-72.72450,41.33050,1.6261,0.3143,41.32429,-72.72155,41.3195,41.3295,-72.7255,-72.7175,737,694,638,719,679,0,0,0,0,0,
415,Newtown,0.150344,42,0.6901,0.5187,2.4176,0.7570,-73.32450,41.44450,-73.33050,41.45450,1.3305,0.3232,41.44886,-73.32900,41.4445,41.4535,-73.3335,-73.3245,738,699,672,687,711,0,0,0,0,0,
553,Bridgewater,0.150344,42,0.5521,0.5706,2.2453,0.7230,-73.37250,41.53950,-73.38150,41.54750,0.9676,0.3747,41.54267,-73.37738,41.5395,41.5465,-73.3825,-73.3725,739,728,746,661,718,0,0,0,0,0,
635,Sherman,0.150344,42,0.7591,0.4668,2.4519,0.8022,-73.50750,41.60350,-73.50250,41.59250,1.6261,0.3143,41.59810,-73.50610,41.5925,41.6025,-73.5105,-73.5025,740,695,647,734,691,0,0,0,0,0,
769,Kent,0.150344,42,0.6211,0.4668,2.1759,0.7194,-73.50250,41.68250,-73.49550,41.69150,1.3305,0.3991,41.68610,-73.49926,41.6825,41.6905,-73.5035,-73.4955,741,739,717,739,724,0,0,0,0,0,
174,Branford,0.146765,41,0.4831,0.6743,2.3148,0.7575,-72.80350,41.28250,-72.79050,41.28750,0.7164,0.3442,41.28460,-72.79765,41.2815,41.2875,-72.8035,-72.7915,742,713,774,591,707,0,0,0,0,0,
308,Madison,0.146765,41,0.8281,0.3112,2.2787,0.8346,-72.63250,41.36850,-72.63050,41.38050,2.6610,0.3552,41.37450,-72.63265,41.3685,41.3795,-72.6355,-72.6305,743,727,608,836,683,0,0,0,0,0,
374,Bethany,0.146765,41,0.2760,0.7262,2.4185,0.7392,-72.97750,41.42250,-72.99150,41.42050,0.3801,0.3153,41.42128,-72.98523,41.4195,41.4225,-72.9915,-72.9785,744,696,921,563,715,0,0,0,0,0,
565,New Milford,0.146765,41,0.6211,0.3631,1.9684,0.6297,-73.39750,41.54850,-73.39950,41.55750,1.7106,0.4760,41.55213,-73.39818,41.5485,41.5565,-73.4005,-73.3945,745,779,705,814,774,0,0,0,0,0,
743,Washington,0.146765,41,0.5521,0.5187,2.1416,0.6368,-73.33750,41.67750,-73.32950,41.67050,1.0644,0.4021,41.67367,-73.33430,41.6705,41.6775,-73.3385,-73.3295,746,744,755,701,767,0,0,0,0,0,
903,Cornwall,0.146765,41,0.6901,0.4150,2.2102,0.7074,-73.31250,41.80950,-73.31550,41.81950,1.6631,0.3776,41.81360,-73.31440,41.8095,41.8185,-73.3175,-73.3105,747,734,684,783,729,0,0,0,0,0,
126,Milford,0.143185,40,0.4141,0.5187,1.8655,0.5367,-73.04350,41.24650,-73.03350,41.24850,0.7983,0.5170,41.24612,-73.03840,41.2435,41.2485,-73.0435,-73.0345,748,790,812,678,808,0,0,0,0,0,
218,Redding,0.143185,40,0.4831,0.4668,1.8998,0.5258,-73.41250,41.30050,-73.41650,41.30750,1.0348,0.4985,41.30347,-73.41405,41.3005,41.3065,-73.4175,-73.4095,749,787,777,717,810,0,0,0,0,0,
252,Derby,0.143185,40,0.4141,0.5187,1.8655,0.5585,-73.07750,41.32250,-73.06750,41.32550,0.7983,0.5170,41.32402,-73.07330,41.3215,41.3265,-73.0775,-73.0685,750,791,819,681,799,0,0,0,0,0,
365,Stonington,0.143185,40,0.6901,0.4150,2.2102,0.7206,-71.93150,41.41050,-71.92750,41.42050,1.6631,0.3684,41.41452,-71.92918,41.4105,41.4195,-71.9325,-71.9255,751,730,669,757,719,0,0,0,0,0,
389,Durham,0.143185,40,0.4831,0.5187,2.0036,0.5876,-72.71250,41.42850,-72.72250,41.43250,0.9313,0.4482,41.43080,-72.71767,41.4275,41.4335,-72.7225,-72.7135,752,768,783,685,786,0,0,0,0,0,
413,Wallingford,0.143185,40,0.5521,0.4668,2.0378,0.6043,-72.78750,41.45050,-72.78050,41.44350,1.1827,0.4333,41.44735,-72.78392,41.4435,41.4505,-72.7885,-72.7805,753,759,742,726,777,0,0,0,0,0,
427,New Fairfield,0.143185,40,0.6901,0.4668,2.3139,0.7798,-73.46650,41.45250,-73.47350,41.46250,1.4783,0.3361,41.45725,-73.47012,41.4525,41.4615,-73.4745,-73.4665,754,717,673,728,695,0,0,0,0,0,
631,Portland,0.143185,40,0.5521,0.4150,2.0378,0.5898,-72.58750,41.58850,-72.59150,41.59650,1.3305,0.4333,41.59277,-72.58845,41.5885,41.5955,-72.5925,-72.5855,755,760,751,773,782,0,0,0,0,0,
640,Marlborough,0.143185,40,0.8281,0.3631,2.3825,0.8426,-72.47750,41.60650,-72.47450,41.59450,2.2808,0.3170,41.60045,-72.47688,41.5945,41.6055,-72.4805,-72.4745,756,709,620,817,675,0,0,0,0,0,
985,Simsbury,0.143185,40,0.4831,0.5706,2.1073,0.6338,-72.81750,41.89450,-72.80650,41.89850,0.8467,0.4052,41.89570,-72.81198,41.8935,41.8995,-72.8175,-72.8075,757,750,803,671,771,0,0,0,0,0,
61,Westport,0.139605,39,0.8972,0.5187,2.8317,0.9885,-73.33250,41.14550,-73.34050,41.15850,1.7296,0.2188,41.15104,-73.33673,41.1455,41.1575,-73.3415,-73.3325,758,654,573,675,620,0,0,0,0,0,
178,Ridgefield,0.139605,39,0.6211,0.3631,1.9684,0.6297,-73.48250,41.28350,-73.48450,41.29250,1.7106,0.4528,41.28760,-73.48301,41.2835,41.2915,-73.4855,-73.4795,759,778,697,800,773,0,0,0,0,0,
225,Shelton,0.139605,39,0.4141,0.5706,1.9693,0.5870,-73.19350,41.30950,-73.18250,41.30750,0.7257,0.4524,41.30778,-73.18899,41.3055,41.3105,-73.1935,-73.1835,760,774,817,650,787,0,0,0,0,0,
776,Plymouth,0.139605,39,0.4831,0.5187,2.0036,0.5747,-73.04450,41.68850,-73.03850,41.69550,0.9313,0.4370,41.69124,-73.04058,41.6885,41.6945,-73.0455,-73.0365,761,770,795,703,794,0,0,0,0,0,
38,Greenwich,0.136026,38,0.4831,0.3631,1.6923,0.5258,-73.65650,41.10350,-73.66050,41.09650,1.3305,0.5968,41.09963,-73.65887,41.0965,41.1025,-73.6615,-73.6555,762,810,767,792,809,0,0,0,0,0,
63,Fairfield,0.136026,38,0.4831,0.4668,1.8998,0.5483,-73.28750,41.15350,-73.29250,41.14650,1.0348,0.4736,41.14945,-73.29068,41.1465,41.1525,-73.2945,-73.2865,763,786,769,713,802,0,0,0,0,0,
211,Redding,0.136026,38,0.4831,0.5187,2.0036,0.5483,-73.31750,41.30550,-73.31250,41.29850,0.9313,0.4258,41.30176,-73.31400,41.2985,41.3045,-73.3185,-73.3095,764,766,776,679,804,0,0,0,0,0,
346,Bethany,0.136026,38,0.4141,0.6224,2.2110,0.6809,-73.02150,41.40350,-73.00950,41.39950,0.6652,0.3497,41.40111,-73.01611,41.3985,41.4035,-73.0215,-73.0105,765,729,823,626,740,0,0,0,0,0,
440,Wallingford,0.136026,38,0.6901,0.4150,2.2102,0.7074,-72.84050,41.46350,-72.83750,41.47350,1.6631,0.3499,41.46800,-72.84063,41.4635,41.4725,-72.8445,-72.8375,766,731,674,764,727,0,0,0,0,0,
629,New Milford,0.136026,38,0.6901,0.4150,2.2102,0.7570,-73.38850,41.59750,-73.39450,41.58750,1.6631,0.3499,41.59234,-73.39121,41.5875,41.5965,-73.3955,-73.3885,767,733,678,772,712,0,0,0,0,0,
729,Plainfield,0.136026,38,0.5521,0.4668,2.0378,0.6043,-71.89850,41.66650,-71.89150,41.65950,1.1827,0.4116,41.66350,-71.89453,41.6595,41.6665,-71.8995,-71.8915,768,762,754,737,779,0,0,0,0,0,
774,Hebron,0.136026,38,0.4831,0.4150,1.7961,0.5483,-72.41050,41.68550,-72.40550,41.69250,1.1642,0.5299,41.68871,-72.40837,41.6855,41.6915,-72.4115,-72.4045,769,804,794,776,806,0,0,0,0,0,
925,Goshen,0.136026,38,0.3451,0.5706,1.8313,0.5870,-73.21850,41.82950,-73.20750,41.83150,0.6048,0.5097,41.83034,-73.21358,41.8285,41.8325,-73.2185,-73.2085,770,795,896,669,789,0,0,0,0,0,
943,Killingly,0.136026,38,0.6901,0.3112,2.0027,0.7074,-71.88450,41.84950,-71.88750,41.85950,2.2175,0.4262,41.85350,-71.88716,41.8495,41.8585,-71.8895,-71.8845,771,773,685,861,730,0,0,0,0,0,
1148,Hartland,0.136026,38,0.4831,0.5187,2.0036,0.6368,-73.00250,42.03850,-73.01050,42.03150,0.9313,0.4258,42.03403,-73.00705,42.0315,42.0375,-73.0115,-73.0025,772,772,806,711,770,0,0,0,0,0,
428,Wallingford,0.132446,37,0.8281,0.3631,2.3825,0.8678,-72.80750,41.45350,-72.80250,41.46550,2.2808,0.2932,41.45874,-72.80493,41.4535,41.4645,-72.8085,-72.8025,773,708,611,809,666,0,0,0,0,0,
410,North Stonington,0.128867,36,0.6901,0.5187,2.4176,0.8053,-71.80850,41.44150,-71.81650,41.45150,1.3305,0.2771,41.44567,-71.81256,41.4415,41.4505,-71.8175,-71.8085,774,698,671,686,687,0,0,0,0,0,
506,Roxbury,0.128867,36,0.4141,0.5706,1.9693,0.5870,-73.26950,41.51450,-73.25850,41.51250,0.7257,0.4176,41.51294,-73.26478,41.5105,41.5155,-73.2695,-73.2595,775,775,830,657,788,0,0,0,0,0,
669,New Milford,0.125287,35,0.6211,0.4150,2.0721,0.6731,-73.39150,41.61550,-73.38650,41.62450,1.4968,0.3667,41.61987,-73.38961,41.6155,41.6235,-73.3925,-73.3855,776,755,711,775,746,0,0,0,0,0,
812,Warren,0.125287,35,0.5521,0.3112,1.7266,0.5736,-73.33750,41.72050,-73.33450,41.71250,1.7740,0.5281,41.71539,-73.33699,41.7125,41.7195,-73.3395,-73.3345,777,807,758,854,797,0,0,0,0,0,
104,Milford,0.121707,34,0.4831,0.4668,2.0036,0.5507,-73.04450,41.22950,-73.03750,41.22350,1.0348,0.3810,41.22721,-73.04079,41.2235,41.2295,-73.0455,-73.0375,778,765,770,715,800,0,0,0,0,0,
113,Weston,0.121707,34,0.5521,0.3631,1.8304,0.5736,-73.35050,41.24250,-73.35350,41.23450,1.5206,0.4565,41.23744,-73.35150,41.2345,41.2415,-73.3545,-73.3485,779,796,737,796,795,0,0,0,0,0,
283,Bethel,0.121707,34,0.4831,0.3631,1.8304,0.5258,-73.38050,41.35350,-73.37650,41.34650,1.3305,0.4565,41.34912,-73.37938,41.3465,41.3525,-73.3825,-73.3765,780,798,780,805,812,0,0,0,0,0,
286,Newtown,0.121707,34,0.7591,0.3112,2.1407,0.7662,-73.32850,41.34850,-73.33050,41.35950,2.4392,0.3337,41.35326,-73.32947,41.3485,41.3585,-73.3315,-73.3265,781,745,640,835,702,0,0,0,0,0,
636,Woodbury,0.121707,34,0.6211,0.4150,2.1759,0.6947,-73.22750,41.59250,-73.22150,41.60150,1.4968,0.3230,41.59606,-73.22438,41.5925,41.6005,-73.2285,-73.2215,782,738,710,774,736,0,0,0,0,0,
1107,Somers,0.121707,34,0.6901,0.2593,1.8989,0.6921,-72.44750,42.00050,-72.44650,42.01050,2.6610,0.4241,42.00512,-72.44750,42.0005,42.0095,-72.4495,-72.4455,783,789,689,913,738,0,0,0,0,0,
1139,Somers,0.121707,34,0.5521,0.4150,1.9341,0.5898,-72.43750,42.02950,-72.44150,42.02150,1.3305,0.4089,42.02524,-72.43935,42.0215,42.0285,-72.4425,-72.4355,784,785,765,790,785,0,0,0,0,0,
439,Montville,0.118128,33,0.4831,0.4150,1.7961,0.4941,-72.14450,41.46250,-72.14250,41.46950,1.1642,0.4602,41.46523,-72.14447,41.4625,41.4685,-72.1485,-72.1415,785,802,785,763,825,0,0,0,0,0,
508,Middlebury,0.118128,33,0.8281,0.2593,2.1750,0.8426,-73.11550,41.51450,-73.11850,41.52650,3.1932,0.3138,41.51983,-73.11723,41.5145,41.5255,-73.1195,-73.1155,786,742,615,895,673,0,0,0,0,0,
726,Glastonbury,0.118128,33,0.4141,0.6224,2.0730,0.6809,-72.52350,41.65850,-72.53550,41.66250,0.6652,0.3454,41.66029,-72.53014,41.6575,41.6625,-72.5355,-72.5245,787,752,842,638,741,0,0,0,0,0,
917,Cornwall,0.118128,33,0.6211,0.4150,2.0721,0.6731,-73.31750,41.82450,-73.31250,41.83350,1.4968,0.3457,41.82880,-73.31526,41.8245,41.8325,-73.3185,-73.3115,788,756,724,784,749,0,0,0,0,0,
1094,Colebrook,0.118128,33,0.6211,0.3631,1.9684,0.6731,-73.10450,41.99350,-73.10950,42.00250,1.7106,0.3831,41.99695,-73.10808,41.9935,42.0015,-73.1105,-73.1045,789,781,730,822,750,0,0,0,0,0,
10,Greenwich,0.114548,32,0.3451,0.4150,1.5200,0.4647,-73.57550,41.03850,-73.58150,41.03350,0.8316,0.6230,41.03550,-73.57900,41.0335,41.0375,-73.5825,-73.5755,790,835,853,749,836,0,0,0,0,0,
86,Fairfield,0.114548,32,0.5521,0.4668,2.0378,0.6100,-73.24050,41.18450,-73.23550,41.19250,1.1827,0.3466,41.18800,-73.23944,41.1845,41.1915,-73.2435,-73.2355,791,757,736,714,775,0,0,0,0,0,
316,Newtown,0.114548,32,0.4831,0.3631,1.6923,0.5483,-73.20250,41.37850,-73.20750,41.37150,1.3305,0.5026,41.37431,-73.20516,41.3715,41.3775,-73.2085,-73.2025,792,813,781,807,805,0,0,0,0,0,
475,Southbury,0.114548,32,0.3451,0.4668,1.6238,0.5107,-73.29450,41.49250,-73.28550,41.48950,0.7392,0.5459,41.49088,-73.28987,41.4885,41.4925,-73.2945,-73.2865,793,820,875,729,820,0,0,0,0,0,
522,Middlefield,0.114548,32,0.4141,0.3631,1.5543,0.4886,-72.70750,41.53050,-72.70250,41.52450,1.1404,0.5958,41.52675,-72.70594,41.5245,41.5295,-72.7085,-72.7025,794,833,831,810,832,0,0,0,0,0,
634,Voluntown,0.114548,32,0.6211,0.3112,1.8647,0.6403,-71.81550,41.59850,-71.81250,41.58950,1.9957,0.4140,41.59359,-71.81472,41.5895,41.5975,-71.8175,-71.8125,795,792,709,848,761,0,0,0,0,0,
333,North Branford,0.110968,31,0.4831,0.5187,2.0036,0.6368,-72.80850,41.38450,-72.80050,41.39150,0.9313,0.3474,41.38731,-72.80485,41.3845,41.3905,-72.8095,-72.8005,796,767,782,684,766,0,0,0,0,0,
616,Berlin,0.110968,31,0.4141,0.4150,1.6581,0.5180,-72.79750,41.58150,-72.79150,41.58750,0.9979,0.5072,41.58434,-72.79537,41.5815,41.5865,-72.7985,-72.7915,797,816,839,771,817,0,0,0,0,0,
901,Cornwall,0.110968,31,0.5521,0.3112,1.7266,0.5898,-73.29450,41.80750,-73.29850,41.81550,1.7740,0.4677,41.81050,-73.29740,41.8075,41.8145,-73.2995,-73.2945,798,808,759,857,783,0,0,0,0,0,
952,Tolland,0.110968,31,0.2760,0.6224,1.7970,0.6376,-72.40950,41.86650,-72.39750,41.86850,0.4435,0.4318,41.86666,-72.40411,41.8655,41.8685,-72.4095,-72.3985,799,800,941,642,765,0,0,0,0,0,
1070,Colebrook,0.110968,31,0.6211,0.3112,1.8647,0.6403,-73.11150,41.97150,-73.11450,41.98050,1.9957,0.4011,41.97582,-73.11279,41.9715,41.9795,-73.1155,-73.1105,800,794,726,869,763,0,0,0,0,0,
187,West Haven,0.107389,30,0.4831,0.5706,2.1073,0.6718,-72.95850,41.28750,-72.94950,41.29450,0.8467,0.3039,41.29087,-72.95433,41.2875,41.2935,-72.9595,-72.9495,801,748,775,649,752,0,0,0,0,0,
540,Griswold,0.107389,30,0.5521,0.3112,1.8304,0.5736,-71.88850,41.54050,-71.88550,41.53250,1.7740,0.4028,41.53647,-71.88740,41.5325,41.5395,-71.8905,-71.8855,802,799,745,846,796,0,0,0,0,0,
788,Glastonbury,0.107389,30,0.4831,0.4150,1.7961,0.5258,-72.48850,41.69950,-72.48450,41.70650,1.1642,0.4183,41.70267,-72.48627,41.6995,41.7055,-72.4895,-72.4825,803,805,796,777,813,0,0,0,0,0,
1026,East Windsor,0.107389,30,0.5521,0.4150,1.9341,0.5898,-72.53050,41.92350,-72.52650,41.93150,1.3305,0.3608,41.92707,-72.52987,41.9235,41.9305,-72.5335,-72.5265,804,784,762,789,784,0,0,0,0,0,
110,Stratford,0.103809,29,0.2760,0.5187,1.5895,0.5367,-73.14550,41.23050,-73.13550,41.23250,0.5322,0.5163,41.23133,-73.14136,41.2295,41.2325,-73.1455,-73.1365,805,822,904,677,807,0,0,0,0,0,
111,Easton,0.103809,29,0.6211,0.4150,2.0721,0.6731,-73.29150,41.23950,-73.28650,41.23050,1.4968,0.3038,41.23457,-73.28984,41.2305,41.2385,-73.2935,-73.2865,806,754,695,751,743,0,0,0,0,0,
214,Ridgefield,0.103809,29,0.3451,0.3631,1.4163,0.4317,-73.46150,41.30450,-73.46650,41.29950,0.9503,0.6503,41.30160,-73.46467,41.2995,41.3035,-73.4675,-73.4615,807,851,862,802,855,0,0,0,0,0,
370,Newtown,0.103809,29,0.3451,0.4150,1.5200,0.4647,-73.36850,41.41450,-73.37450,41.41950,0.8316,0.5646,41.41660,-73.37174,41.4145,41.4185,-73.3755,-73.3685,808,836,869,759,837,0,0,0,0,0,
37,Greenwich,0.100230,28,0.4831,0.3631,1.6923,0.5483,-73.67250,41.10250,-73.67750,41.09550,1.3305,0.4398,41.09800,-73.67493,41.0955,41.1015,-73.6785,-73.6725,809,809,766,791,801,0,0,0,0,0,
50,Greenwich,0.100230,28,0.6211,0.3631,1.9684,0.6731,-73.62650,41.12550,-73.63150,41.13450,1.7106,0.3251,41.12961,-73.62979,41.1255,41.1335,-73.6325,-73.6265,810,777,693,794,742,0,0,0,0,0,
134,Trumbull,0.100230,28,0.4141,0.3631,1.5543,0.4423,-73.18450,41.24950,-73.18750,41.25550,1.1404,0.5213,41.25193,-73.18707,41.2495,41.2545,-73.1905,-73.1845,811,828,813,797,848,0,0,0,0,0,
240,Shelton,0.100230,28,0.5521,0.3631,1.8304,0.5898,-73.15650,41.31450,-73.15250,41.32250,1.5206,0.3759,41.31807,-73.15457,41.3145,41.3215,-73.1575,-73.1515,812,797,739,803,781,0,0,0,0,0,
368,Lyme,0.100230,28,0.4141,0.4150,1.6581,0.5180,-72.39450,41.41250,-72.40050,41.41850,0.9979,0.4581,41.41500,-72.39800,41.4125,41.4175,-72.4015,-72.3945,813,814,825,758,815,0,0,0,0,0,
406,Danbury,0.100230,28,0.4831,0.4150,1.7961,0.5747,-73.52450,41.43950,-73.53050,41.44650,1.1642,0.3904,41.44211,-73.52882,41.4395,41.4455,-73.5315,-73.5245,814,801,784,761,792,0,0,0,0,0,
96,Fairfield,0.096650,27,0.6211,0.4150,2.0721,0.6947,-73.23850,41.21150,-73.24450,41.22050,1.4968,0.2829,41.21557,-73.24213,41.2115,41.2195,-73.2455,-73.2385,815,753,694,750,734,0,0,0,0,0,
106,Fairfield,0.096650,27,0.4831,0.3631,1.6923,0.5483,-73.24950,41.22650,-73.24450,41.23350,1.3305,0.4241,41.22920,-73.24743,41.2265,41.2325,-73.2505,-73.2445,816,811,771,795,803,0,0,0,0,0,
360,Newtown,0.096650,27,0.4141,0.3112,1.4506,0.4423,-73.29350,41.40850,-73.29050,41.41450,1.3305,0.5772,41.41131,-73.29291,41.4085,41.4135,-73.2955,-73.2905,817,845,824,841,842,0,0,0,0,0,
509,Middlebury,0.096650,27,0.4831,0.4150,1.7961,0.5747,-73.08150,41.51450,-73.08750,41.52150,1.1642,0.3765,41.51709,-73.08557,41.5145,41.5205,-73.0885,-73.0815,818,803,787,767,793,0,0,0,0,0,
944,Windsor,0.096650,27,0.4141,0.4668,1.7618,0.5107,-72.69250,41.85650,-72.68350,41.85350,0.8870,0.3913,41.85409,-72.68857,41.8515,41.8565,-72.6925,-72.6845,819,806,846,745,821,0,0,0,0,0,
1015,Putnam,0.093070,26,0.4141,0.4150,1.6581,0.5180,-71.84350,41.91550,-71.84950,41.92150,0.9979,0.4254,41.91788,-71.84677,41.9155,41.9205,-71.8505,-71.8435,820,818,850,788,818,0,0,0,0,0,
163,Shelton,0.089491,25,0.4831,0.3112,1.5886,0.5075,-73.17650,41.28450,-73.17350,41.27750,1.5522,0.4456,41.28114,-73.17486,41.2775,41.2835,-73.1775,-73.1725,821,823,772,829,822,0,0,0,0,0,
173,Ridgefield,0.089491,25,0.4141,0.3631,1.5543,0.4423,-73.52350,41.28150,-73.52650,41.28750,1.1404,0.4655,41.28410,-73.52550,41.2815,41.2865,-73.5285,-73.5225,822,830,815,799,841,0,0,0,0,0,
257,Shelton,0.089491,25,0.4831,0.3631,1.6923,0.5258,-73.16350,41.32450,-73.15950,41.33150,1.3305,0.3927,41.32794,-73.16266,41.3245,41.3305,-73.1655,-73.1595,823,812,778,804,811,0,0,0,0,0,
261,Danbury,0.089491,25,0.4831,0.4668,1.8998,0.5747,-73.45350,41.32850,-73.45950,41.33550,1.0348,0.3116,41.33118,-73.45638,41.3285,41.3345,-73.4605,-73.4525,824,788,779,720,791,0,0,0,0,0,
483,Southbury,0.089491,25,0.5521,0.2593,1.6229,0.5618,-73.27450,41.50050,-73.27650,41.50850,2.1288,0.4270,41.50398,-73.27574,41.5005,41.5075,-73.2775,-73.2735,825,821,743,894,798,0,0,0,0,0,
560,Waterbury,0.089491,25,0.3451,0.3631,1.4163,0.4317,-73.08450,41.54550,-73.07950,41.55050,0.9503,0.5606,41.54782,-73.08294,41.5455,41.5495,-73.0855,-73.0795,826,852,879,812,857,0,0,0,0,0,
648,Sprague,0.089491,25,0.4831,0.3112,1.5886,0.5075,-72.09650,41.59950,-72.09350,41.60650,1.5522,0.4456,41.60270,-72.09574,41.5995,41.6055,-72.0985,-72.0935,827,824,791,850,823,0,0,0,0,0,
822,Windham,0.089491,25,0.4831,0.3112,1.5886,0.4941,-72.17250,41.72750,-72.17050,41.73450,1.5522,0.4456,41.73074,-72.17266,41.7275,41.7335,-72.1755,-72.1705,828,825,797,855,829,0,0,0,0,0,
898,Brooklyn,0.089491,25,0.6211,0.3631,1.9684,0.6731,-71.89550,41.80450,-71.90050,41.81350,1.7106,0.2902,41.80846,-71.89806,41.8045,41.8125,-71.9015,-71.8955,829,780,723,820,748,0,0,0,0,0,
997,Barkhamsted,0.089491,25,0.2760,0.4150,1.3820,0.4373,-73.00350,41.90550,-73.01150,41.90750,0.6652,0.5888,41.90586,-73.00830,41.9045,41.9075,-73.0115,-73.0045,830,857,944,787,853,0,0,0,0,0,
206,Redding,0.085911,24,0.2760,0.4668,1.4858,0.4868,-73.43950,41.29850,-73.43050,41.30050,0.5913,0.4891,41.29888,-73.43546,41.2975,41.3005,-73.4395,-73.4315,831,838,911,716,835,0,0,0,0,0,
404,Wallingford,0.085911,24,0.4141,0.3631,1.5543,0.4317,-72.74850,41.44350,-72.75350,41.43850,1.1404,0.4469,41.43979,-72.75083,41.4375,41.4425,-72.7545,-72.7485,832,832,828,808,856,0,0,0,0,0,
573,Middletown,0.085911,24,0.4831,0.2593,1.4849,0.4941,-72.69450,41.55350,-72.69250,41.56050,1.8627,0.4897,41.55642,-72.69408,41.5535,41.5595,-72.6965,-72.6925,833,841,790,899,828,0,0,0,0,0,
890,Goshen,0.085911,24,0.6211,0.3112,1.8647,0.6548,-73.24850,41.79950,-73.25250,41.80850,1.9957,0.3105,41.80358,-73.25104,41.7995,41.8075,-73.2535,-73.2485,834,793,722,856,759,0,0,0,0,0,
78,Westport,0.082331,23,0.4141,0.2593,1.3468,0.4423,-73.37350,41.16950,-73.37050,41.17550,1.5966,0.5704,41.17220,-73.37272,41.1695,41.1745,-73.3745,-73.3705,835,859,808,874,845,0,0,0,0,0,
375,Newtown,0.082331,23,0.3451,0.4668,1.6238,0.5107,-73.32150,41.42150,-73.33050,41.42450,0.7392,0.3924,41.42246,-73.32633,41.4205,41.4245,-73.3305,-73.3225,836,819,870,724,819,0,0,0,0,0,
941,Windsor,0.082331,23,0.4141,0.4150,1.6581,0.4886,-72.65250,41.84550,-72.64750,41.85150,0.9979,0.3763,41.84793,-72.65080,41.8455,41.8505,-72.6545,-72.6475,837,817,845,785,834,0,0,0,0,0,
1058,Woodstock,0.082331,23,0.4141,0.3112,1.4506,0.4269,-72.05250,41.96150,-72.05050,41.96750,1.3305,0.4917,41.96398,-72.05246,41.9615,41.9665,-72.0555,-72.0505,838,850,852,868,867,0,0,0,0,0,
183,Ridgefield,0.078752,22,0.3451,0.3631,1.5543,0.4026,-73.50850,41.28550,-73.51250,41.29050,0.9503,0.4096,41.28773,-73.51027,41.2855,41.2895,-73.5135,-73.5075,839,831,859,801,873,0,0,0,0,0,
378,Hamden,0.078752,22,0.4141,0.4150,1.6581,0.5180,-72.92050,41.42350,-72.92650,41.42950,0.9979,0.3600,41.42600,-72.92400,41.4235,41.4285,-72.9275,-72.9205,840,815,826,760,816,0,0,0,0,0,
390,Bethany,0.078752,22,0.4141,0.3112,1.4506,0.4423,-72.98350,41.43050,-72.98650,41.43650,1.3305,0.4703,41.43245,-72.98609,41.4305,41.4355,-72.9885,-72.9835,841,846,827,843,843,0,0,0,0,0,
436,North Stonington,0.078752,22,0.2760,0.4150,1.5200,0.4373,-71.80950,41.46250,-71.80150,41.46450,0.6652,0.4283,41.46314,-71.80591,41.4615,41.4645,-71.8095,-71.8025,842,837,923,762,850,0,0,0,0,0,
469,Preston,0.078752,22,0.4831,0.2593,1.4849,0.4941,-71.96350,41.48450,-71.96150,41.49150,1.8627,0.4488,41.48745,-71.96323,41.4845,41.4905,-71.9655,-71.9615,843,839,786,892,826,0,0,0,0,0,
487,Cheshire,0.075172,21,0.2760,0.4150,1.3820,0.4373,-72.86450,41.50450,-72.85650,41.50250,0.6652,0.4946,41.50307,-72.86098,41.5015,41.5045,-72.8645,-72.8575,844,855,924,765,851,0,0,0,0,0,
561,Middletown,0.075172,21,0.4141,0.3631,1.5543,0.4886,-72.62250,41.54550,-72.62750,41.55150,1.1404,0.3910,41.54840,-72.62540,41.5455,41.5505,-72.6285,-72.6225,845,834,836,813,833,0,0,0,0,0,
801,Lebanon,0.075172,21,0.4141,0.2593,1.3468,0.4269,-72.23450,41.70450,-72.23250,41.71050,1.5966,0.5208,41.70740,-72.23460,41.7045,41.7095,-72.2365,-72.2325,846,866,843,906,864,0,0,0,0,0,
907,Bloomfield,0.075172,21,0.4831,0.2075,1.3811,0.4941,-72.70050,41.81250,-72.70250,41.81950,2.3283,0.4952,41.81521,-72.70217,41.8125,41.8185,-72.7035,-72.7005,847,858,801,957,830,0,0,0,0,0,
105,Easton,0.071593,20,0.4141,0.3112,1.4506,0.4423,-73.26950,41.23250,-73.26650,41.22650,1.3305,0.4276,41.22880,-73.26880,41.2265,41.2315,-73.2715,-73.2665,848,843,811,827,840,0,0,0,0,0,
529,Roxbury,0.071593,20,0.4141,0.3112,1.4506,0.4269,-73.25650,41.52750,-73.25850,41.53350,1.3305,0.4276,41.52990,-73.25880,41.5275,41.5325,-73.2615,-73.2565,849,847,833,845,861,0,0,0,0,0,
580,Middletown,0.071593,20,0.2070,0.4150,1.2440,0.4207,-72.73550,41.56150,-72.72750,41.56250,0.4989,0.5814,41.56150,-72.73200,41.5605,41.5625,-72.7355,-72.7285,850,882,1000,768,868,0,0,0,0,0,
639,Portland,0.071593,20,0.3451,0.3112,1.3126,0.4026,-72.61450,41.59450,-72.61050,41.59950,1.1087,0.5222,41.59650,-72.61300,41.5945,41.5985,-72.6155,-72.6105,851,876,883,849,879,0,0,0,0,0,
855,Harwinton,0.071593,20,0.2760,0.4150,1.3820,0.4373,-73.05950,41.76650,-73.05150,41.76850,0.6652,0.4710,41.76715,-73.05600,41.7655,41.7685,-73.0595,-73.0525,852,856,937,779,852,0,0,0,0,0,
1028,East Granby,0.071593,20,0.4831,0.3112,1.5886,0.5258,-72.77550,41.92450,-72.77150,41.93150,1.5522,0.3565,41.92780,-72.77380,41.9245,41.9305,-72.7765,-72.7715,853,826,804,865,814,0,0,0,0,0,
1040,Stafford,0.071593,20,0.4141,0.2075,1.2431,0.4269,-72.27450,41.95050,-72.27650,41.94450,1.9957,0.5822,41.94700,-72.27600,41.9445,41.9495,-72.2775,-72.2745,854,887,851,960,866,0,0,0,0,0,
1137,North Canaan,0.071593,20,0.3451,0.3112,1.3126,0.3785,-73.29750,42.02450,-73.29450,42.01950,1.1087,0.5222,42.02135,-73.29680,42.0195,42.0235,-73.2995,-73.2945,855,880,900,871,882,0,0,0,0,0,
1151,North Canaan,0.071593,20,0.4831,0.2593,1.4849,0.4941,-73.33250,42.03750,-73.33050,42.04450,1.8627,0.4080,42.04050,-73.33220,42.0375,42.0435,-73.3345,-73.3305,856,842,807,915,831,0,0,0,0,0,
197,West Haven,0.068013,19,0.4141,0.2593,1.3468,0.4269,-72.98550,41.29850,-72.98350,41.29250,1.5966,0.4712,41.29524,-72.98503,41.2925,41.2975,-72.9875,-72.9835,857,863,816,882,860,0,0,0,0,0,
310,Newtown,0.068013,19,0.3451,0.3112,1.3126,0.4026,-73.31450,41.36950,-73.31050,41.37450,1.1087,0.4961,41.37134,-73.31276,41.3695,41.3735,-73.3155,-73.3105,858,873,868,837,876,0,0,0,0,0,
344,Danbury,0.068013,19,0.4141,0.3112,1.4506,0.4631,-73.42550,41.39650,-73.42150,41.40250,1.3305,0.4062,41.39945,-73.42418,41.3965,41.4015,-73.4265,-73.4215,859,844,822,839,838,0,0,0,0,0,
385,Oxford,0.068013,19,0.3451,0.3112,1.3126,0.4026,-73.13050,41.42650,-73.12650,41.43150,1.1087,0.4961,41.42803,-73.12855,41.4265,41.4305,-73.1315,-73.1265,860,874,871,842,877,0,0,0,0,0,
599,Woodbury,0.068013,19,0.4141,0.3112,1.4506,0.4423,-73.23550,41.57950,-73.23250,41.57350,1.3305,0.4062,41.57582,-73.23492,41.5735,41.5785,-73.2375,-73.2325,861,848,837,847,844,0,0,0,0,0,
731,Columbia,0.068013,19,0.3451,0.2593,1.2088,0.3785,-72.29750,41.66650,-72.30050,41.66150,1.3305,0.5849,41.66366,-72.29966,41.6615,41.6655,-72.3015,-72.2975,862,898,887,903,891,0,0,0,0,0,
735,Plainfield,0.068013,19,0.3451,0.3631,1.4163,0.4317,-71.93050,41.66450,-71.92550,41.66950,0.9503,0.4261,41.66645,-71.92824,41.6645,41.6685,-71.9315,-71.9255,863,854,888,818,859,0,0,0,0,0,
1050,Thompson,0.068013,19,0.4831,0.3112,1.5886,0.5075,-71.87050,41.96050,-71.87350,41.95350,1.5522,0.3387,41.95655,-71.87208,41.9535,41.9595,-71.8745,-71.8695,864,827,805,866,824,0,0,0,0,0,
145,Trumbull,0.064433,18,0.4141,0.2593,1.3468,0.4173,-73.20550,41.25850,-73.20450,41.26450,1.5966,0.4464,41.26111,-73.20600,41.2585,41.2635,-73.2085,-73.2045,865,862,814,877,871,0,0,0,0,0,
149,Clinton,0.064433,18,0.3451,0.3631,1.5543,0.4317,-72.51350,41.27250,-72.50850,41.26750,0.9503,0.3352,41.26928,-72.51172,41.2675,41.2715,-72.5145,-72.5085,866,829,857,798,854,0,0,0,0,0,
992,Pomfret,0.064433,18,0.2760,0.3112,1.1745,0.3453,-71.96550,41.90350,-71.96950,41.89950,0.8870,0.5869,41.90111,-71.96822,41.8995,41.9025,-71.9705,-71.9655,867,905,943,863,913,0,0,0,0,0,
267,Redding,0.060854,17,0.4141,0.2593,1.3468,0.4173,-73.36950,41.33350,-73.36850,41.33950,1.5966,0.4216,41.33597,-73.36962,41.3335,41.3385,-73.3715,-73.3675,868,864,820,885,869,0,0,0,0,0,
276,Essex,0.060854,17,0.3451,0.3112,1.3126,0.3785,-72.42150,41.33850,-72.42450,41.34350,1.1087,0.4439,41.34085,-72.42297,41.3385,41.3425,-72.4255,-72.4205,869,871,866,833,888,0,0,0,0,0,
566,Roxbury,0.060854,17,0.4831,0.2593,1.4849,0.4941,-73.32350,41.55650,-73.32150,41.54950,1.8627,0.3468,41.55262,-73.32332,41.5495,41.5555,-73.3255,-73.3215,870,840,789,898,827,0,0,0,0,0,
807,Columbia,0.060854,17,0.3451,0.3112,1.3126,0.3785,-72.28550,41.70750,-72.28250,41.71250,1.1087,0.4439,41.70956,-72.28409,41.7075,41.7115,-72.2865,-72.2815,871,878,893,853,894,0,0,0,0,0,
845,Litchfield,0.060854,17,0.4141,0.2593,1.3468,0.4269,-73.21950,41.75850,-73.22150,41.76450,1.5966,0.4216,41.76085,-73.22132,41.7585,41.7635,-73.2235,-73.2195,872,867,844,907,865,0,0,0,0,0,
1055,Barkhamsted,0.060854,17,0.3451,0.3112,1.3126,0.3785,-73.03350,41.96450,-73.03050,41.95950,1.1087,0.4439,41.96144,-73.03209,41.9595,41.9635,-73.0345,-73.0295,873,879,898,867,897,0,0,0,0,0,
1143,Granby,0.060854,17,0.2070,0.3631,1.1402,0.3696,-72.85550,42.02450,-72.84850,42.02550,0.5702,0.5882,42.02450,-72.85250,42.0235,42.0255,-72.8555,-72.8495,874,906,1032,825,898,0,0,0,0,0,
1150,Salisbury,0.060854,17,0.2760,0.3631,1.2783,0.3884,-73.41250,42.03750,-73.41950,42.03950,0.7603,0.4680,42.03826,-73.41650,42.0365,42.0395,-73.4195,-73.4135,875,881,949,826,880,0,0,0,0,0,
31,Darien,0.057274,16,0.3451,0.2593,1.2088,0.3785,-73.48250,41.07850,-73.48550,41.07350,1.3305,0.4925,41.07512,-73.48413,41.0735,41.0775,-73.4865,-73.4825,876,888,854,872,883,0,0,0,0,0,
324,Essex,0.057274,16,0.4141,0.2075,1.2431,0.4173,-72.39650,41.37450,-72.39550,41.38050,1.9957,0.4658,41.37700,-72.39625,41.3745,41.3795,-72.3975,-72.3945,877,883,821,932,872,0,0,0,0,0,
348,Guilford,0.057274,16,0.2760,0.3112,1.1745,0.3188,-72.69050,41.40050,-72.68450,41.40150,0.8870,0.5217,41.40025,-72.68800,41.3985,41.4015,-72.6905,-72.6855,878,902,919,840,915,0,0,0,0,0,
457,Brookfield,0.057274,16,0.3451,0.2593,1.2088,0.3785,-73.38350,41.47350,-73.38650,41.47850,1.3305,0.4925,41.47550,-73.38537,41.4735,41.4775,-73.3875,-73.3835,879,894,874,891,889,0,0,0,0,0,
510,Middlefield,0.057274,16,0.3451,0.3112,1.3126,0.4026,-72.68950,41.51450,-72.68550,41.51950,1.1087,0.4178,41.51656,-72.68825,41.5145,41.5185,-72.6905,-72.6855,880,875,877,844,878,0,0,0,0,0,
535,Roxbury,0.057274,16,0.4141,0.2075,1.2431,0.4269,-73.29650,41.53050,-73.29850,41.53650,1.9957,0.4658,41.53300,-73.29800,41.5305,41.5355,-73.2995,-73.2965,881,885,834,942,862,0,0,0,0,0,
541,Middlefield,0.057274,16,0.2760,0.2593,1.0708,0.3169,-72.69250,41.53850,-72.69550,41.53450,1.0644,0.6277,41.53600,-72.69450,41.5345,41.5375,-72.6965,-72.6925,882,919,926,897,923,0,0,0,0,0,
578,Portland,0.057274,16,0.3451,0.3631,1.4163,0.4317,-72.57850,41.55750,-72.58350,41.56250,0.9503,0.3588,41.55956,-72.58144,41.5575,41.5615,-72.5845,-72.5785,883,853,880,815,858,0,0,0,0,0,
993,Ellington,0.057274,16,0.3451,0.2593,1.2088,0.3785,-72.43850,41.90050,-72.43550,41.90550,1.3305,0.4925,41.90288,-72.43788,41.9005,41.9045,-72.4395,-72.4355,884,901,897,910,896,0,0,0,0,0,
84,Bridgeport,0.053694,15,0.4141,0.2593,1.3468,0.4423,-73.19550,41.17950,-73.19850,41.18550,1.5966,0.3720,41.18203,-73.19763,41.1795,41.1845,-73.1995,-73.1955,885,860,809,875,846,0,0,0,0,0,
101,Stratford,0.053694,15,0.4141,0.2593,1.3468,0.4423,-73.12850,41.21950,-73.13150,41.22550,1.5966,0.3720,41.22203,-73.13063,41.2195,41.2245,-73.1325,-73.1285,886,861,810,876,847,0,0,0,0,0,
107,Stratford,0.053694,15,0.3451,0.3112,1.3126,0.3785,-73.12950,41.22650,-73.13250,41.23150,1.1087,0.3917,41.22863,-73.13097,41.2265,41.2305,-73.1335,-73.1285,887,868,855,828,884,0,0,0,0,0,
216,Guilford,0.053694,15,0.3451,0.3112,1.3126,0.3785,-72.70050,41.29950,-72.69750,41.30450,1.1087,0.3917,41.30163,-72.70003,41.2995,41.3035,-72.7025,-72.6975,888,869,863,830,881,0,0,0,0,0,
426,Durham,0.053694,15,0.3451,0.2593,1.2088,0.3603,-72.68750,41.45150,-72.68550,41.45650,1.3305,0.4618,41.45370,-72.68730,41.4515,41.4555,-72.6895,-72.6855,889,893,873,889,901,0,0,0,0,0,
432,Wallingford,0.053694,15,0.4141,0.2593,1.3468,0.4423,-72.77850,41.45650,-72.77550,41.46250,1.5966,0.3720,41.45897,-72.77763,41.4565,41.4615,-72.7795,-72.7755,890,865,829,890,849,0,0,0,0,0,
524,New Milford,0.053694,15,0.4141,0.2075,1.2431,0.4173,-73.42250,41.52550,-73.42150,41.53150,1.9957,0.4366,41.52797,-73.42263,41.5255,41.5305,-73.4245,-73.4215,891,884,832,941,870,0,0,0,0,0,
751,Morris,0.053694,15,0.3451,0.3112,1.3126,0.3785,-73.16650,41.67450,-73.16950,41.67950,1.1087,0.3917,41.67663,-73.16797,41.6745,41.6785,-73.1705,-73.1655,892,877,890,851,892,0,0,0,0,0,
933,Cornwall,0.053694,15,0.2760,0.3112,1.1745,0.3453,-73.30950,41.84250,-73.30550,41.83850,0.8870,0.4891,41.84010,-73.30797,41.8385,41.8415,-73.3105,-73.3055,893,903,939,859,912,0,0,0,0,0,
942,Goshen,0.053694,15,0.2760,0.3112,1.1745,0.3188,-73.23350,41.84750,-73.23950,41.84850,0.8870,0.4891,41.84763,-73.23697,41.8465,41.8495,-73.2395,-73.2345,894,904,940,860,918,0,0,0,0,0,
194,Shelton,0.050115,14,0.2760,0.2593,1.0708,0.3169,-73.09250,41.29050,-73.09550,41.29450,1.0644,0.5492,41.29186,-73.09471,41.2905,41.2935,-73.0965,-73.0925,895,915,909,881,920,0,0,0,0,0,
219,Westbrook,0.050115,14,0.3451,0.2593,1.2088,0.3603,-72.45250,41.30650,-72.45450,41.30150,1.3305,0.4310,41.30329,-72.45357,41.3015,41.3055,-72.4555,-72.4515,896,892,864,883,899,0,0,0,0,0,
243,New London,0.050115,14,0.3451,0.3112,1.3126,0.4026,-72.09950,41.31650,-72.09550,41.32150,1.1087,0.3655,41.31829,-72.09800,41.3165,41.3205,-72.1005,-72.0955,897,870,865,831,874,0,0,0,0,0,
259,East Haven,0.050115,14,0.2070,0.3112,1.0365,0.3188,-72.86450,41.32650,-72.85850,41.32750,0.6652,0.5862,41.32650,-72.86200,41.3255,41.3275,-72.8645,-72.8595,898,924,976,832,914,0,0,0,0,0,
278,Madison,0.050115,14,0.2760,0.2593,1.0708,0.3169,-72.66250,41.34750,-72.66550,41.34350,1.0644,0.5492,41.34514,-72.66471,41.3435,41.3465,-72.6665,-72.6625,899,917,915,887,922,0,0,0,0,0,
284,Derby,0.050115,14,0.3451,0.3112,1.3126,0.4026,-73.11050,41.34750,-73.11450,41.35250,1.1087,0.3655,41.34929,-73.11300,41.3475,41.3515,-73.1155,-73.1105,900,872,867,834,875,0,0,0,0,0,
615,Waterbury,0.050115,14,0.4141,0.2075,1.2431,0.4269,-73.03450,41.58050,-73.03650,41.58650,1.9957,0.4075,41.58300,-73.03579,41.5805,41.5855,-73.0375,-73.0345,901,886,838,945,863,0,0,0,0,0,
724,Plainfield,0.050115,14,0.3451,0.2593,1.2088,0.3603,-71.91750,41.66150,-71.91550,41.65650,1.3305,0.4310,41.65829,-71.91743,41.6565,41.6605,-71.9195,-71.9155,902,897,886,902,906,0,0,0,0,0,
786,Glastonbury,0.050115,14,0.2070,0.3112,1.0365,0.3188,-72.51450,41.69750,-72.50850,41.69850,0.6652,0.5862,41.69750,-72.51200,41.6965,41.6985,-72.5145,-72.5095,903,925,1017,852,916,0,0,0,0,0,
920,Torrington,0.050115,14,0.2070,0.3112,1.0365,0.3188,-73.08550,41.82650,-73.07950,41.82750,0.6652,0.5862,41.82650,-73.08300,41.8255,41.8275,-73.0855,-73.0805,904,926,1023,858,917,0,0,0,0,0,
1002,Eastford,0.050115,14,0.4141,0.3112,1.4506,0.4631,-72.06750,41.90650,-72.06350,41.91250,1.3305,0.2993,41.90900,-72.06600,41.9065,41.9115,-72.0685,-72.0635,905,849,847,864,839,0,0,0,0,0,
1095,Suffield,0.050115,14,0.2760,0.2593,1.0708,0.3169,-72.60750,41.99350,-72.60450,41.99750,1.0644,0.5492,41.99486,-72.60629,41.9935,41.9965,-72.6085,-72.6045,906,922,946,912,926,0,0,0,0,0,
189,Easton,0.046535,13,0.3451,0.2593,1.2088,0.3785,-73.30450,41.28850,-73.30750,41.29350,1.3305,0.4002,41.29073,-73.30642,41.2885,41.2925,-73.3085,-73.3045,907,891,860,880,887,0,0,0,0,0,
495,Brookfield,0.046535,13,0.3451,0.2075,1.1051,0.3603,-73.40550,41.50450,-73.40350,41.50950,1.6631,0.4789,41.50673,-73.40527,41.5045,41.5085,-73.4065,-73.4035,908,908,876,939,902,0,0,0,0,0,
537,Middlebury,0.046535,13,0.3451,0.2593,1.2088,0.3603,-73.13150,41.53150,-73.13350,41.53650,1.3305,0.4002,41.53358,-73.13258,41.5315,41.5355,-73.1345,-73.1305,909,895,878,896,903,0,0,0,0,0,
589,Middletown,0.046535,13,0.3451,0.2075,1.1051,0.3603,-72.67850,41.56750,-72.67650,41.57250,1.6631,0.4789,41.56927,-72.67773,41.5675,41.5715,-72.6795,-72.6765,910,909,881,944,904,0,0,0,0,0,
621,East Hampton,0.046535,13,0.3451,0.2075,1.1051,0.3603,-72.48750,41.58550,-72.48550,41.59050,1.6631,0.4789,41.58727,-72.48673,41.5855,41.5895,-72.4885,-72.4855,911,910,882,946,905,0,0,0,0,0,
764,Hebron,0.046535,13,0.2760,0.2593,1.0708,0.3169,-72.39950,41.67950,-72.39650,41.68350,1.0644,0.5100,41.68073,-72.39827,41.6795,41.6825,-72.4005,-72.3965,912,920,935,904,924,0,0,0,0,0,
772,Glastonbury,0.046535,13,0.3451,0.2593,1.2088,0.3785,-72.59550,41.68850,-72.59250,41.68350,1.3305,0.4002,41.68527,-72.59458,41.6835,41.6875,-72.5965,-72.5925,913,899,892,905,893,0,0,0,0,0,
876,Goshen,0.046535,13,0.3451,0.2593,1.2088,0.3785,-73.26350,41.78250,-73.26050,41.78750,1.3305,0.4002,41.78458,-73.26273,41.7825,41.7865,-73.2645,-73.2605,914,900,894,908,895,0,0,0,0,0,
76,Stamford,0.042956,12,0.2760,0.2593,1.0708,0.3169,-73.54950,41.16850,-73.55250,41.17250,1.0644,0.4708,41.17000,-73.55150,41.1685,41.1715,-73.5535,-73.5495,915,914,902,873,919,0,0,0,0,0,
320,Woodbridge,0.042956,12,0.2760,0.2593,1.0708,0.2949,-73.00650,41.37650,-73.00450,41.37250,1.0644,0.4708,41.37367,-73.00650,41.3725,41.3755,-73.0085,-73.0045,916,918,918,888,937,0,0,0,0,0,
398,Hamden,0.042956,12,0.3451,0.2075,1.1051,0.3603,-72.87650,41.43450,-72.87850,41.43950,1.6631,0.4420,41.43650,-72.87800,41.4345,41.4385,-72.8795,-72.8765,917,907,872,938,900,0,0,0,0,0,
745,Washington,0.042956,12,0.3451,0.2075,1.1051,0.3603,-73.29850,41.67050,-73.30050,41.67550,1.6631,0.4420,41.67250,-73.30000,41.6705,41.6745,-73.3015,-73.2985,918,911,889,953,907,0,0,0,0,0,
910,Cornwall,0.042956,12,0.3451,0.2075,1.1051,0.3603,-73.30050,41.81750,-73.29850,41.82250,1.6631,0.4420,41.81950,-73.30000,41.8175,41.8215,-73.3015,-73.2985,919,913,895,958,909,0,0,0,0,0,
976,Tolland,0.042956,12,0.2760,0.2593,1.0708,0.3169,-72.36950,41.88550,-72.37250,41.88950,1.0644,0.4708,41.88700,-72.37150,41.8855,41.8885,-72.3735,-72.3695,920,921,942,909,925,0,0,0,0,0,
147,East Haven,0.039376,11,0.3451,0.2593,1.2088,0.3785,-72.86250,41.26550,-72.86550,41.27050,1.3305,0.3386,41.26750,-72.86450,41.2655,41.2695,-72.8665,-72.8625,921,889,856,878,885,0,0,0,0,0,
181,West Haven,0.039376,11,0.3451,0.2593,1.2088,0.3785,-72.97950,41.28450,-72.98250,41.28950,1.3305,0.3386,41.28650,-72.98150,41.2845,41.2885,-72.9835,-72.9795,922,890,858,879,886,0,0,0,0,0,
201,Guilford,0.039376,11,0.3451,0.1556,1.0013,0.3489,-72.72950,41.29350,-72.72850,41.29850,2.2175,0.4935,41.29550,-72.72950,41.2935,41.2975,-72.7305,-72.7285,923,927,861,978,910,0,0,0,0,0,
241,Easton,0.039376,11,0.2070,0.2593,0.9328,0.2684,-73.28650,41.31750,-73.28150,41.31850,0.7983,0.5687,41.31750,-73.28450,41.3165,41.3185,-73.2865,-73.2825,924,949,975,884,955,0,0,0,0,0,
641,Wolcott,0.039376,11,0.3451,0.2593,1.2088,0.3785,-72.98450,41.59550,-72.98150,41.60050,1.3305,0.3386,41.59750,-72.98350,41.5955,41.5995,-72.9855,-72.9815,925,896,884,900,890,0,0,0,0,0,
700,Bethlehem,0.039376,11,0.2070,0.2593,0.9328,0.2684,-73.20050,41.64450,-73.19550,41.64550,0.7983,0.5687,41.64450,-73.19850,41.6435,41.6455,-73.2005,-73.1965,926,950,1010,901,956,0,0,0,0,0,
761,Bristol,0.039376,11,0.3451,0.2075,1.1051,0.3603,-72.96650,41.67850,-72.96450,41.68350,1.6631,0.4052,41.68050,-72.96586,41.6785,41.6825,-72.9675,-72.9645,927,912,891,954,908,0,0,0,0,0,
1130,Thompson,0.039376,11,0.3451,0.1556,1.0013,0.3489,-71.90850,42.01450,-71.90750,42.01950,2.2175,0.4935,42.01650,-71.90850,42.0145,42.0185,-71.9095,-71.9075,928,928,899,1032,911,0,0,0,0,0,
1141,North Canaan,0.039376,11,0.2760,0.2593,1.0708,0.3169,-73.30750,42.02250,-73.31050,42.02650,1.0644,0.4315,42.02386,-73.30950,42.0225,42.0255,-73.3115,-73.3075,929,923,948,914,927,0,0,0,0,0,
177,Clinton,0.035796,10,0.2760,0.2075,0.9671,0.2949,-72.52050,41.28250,-72.51850,41.28650,1.3305,0.4810,41.28420,-72.52020,41.2825,41.2855,-72.5215,-72.5185,930,932,907,925,931,0,0,0,0,0,
212,New Haven,0.035796,10,0.2760,0.2075,0.9671,0.2949,-72.94350,41.29850,-72.94150,41.30250,1.3305,0.4810,41.30020,-72.94320,41.2985,41.3015,-72.9445,-72.9415,931,935,912,928,934,0,0,0,0,0,
270,Derby,0.035796,10,0.2760,0.2593,1.0708,0.3169,-73.10150,41.33550,-73.10450,41.33950,1.0644,0.3923,41.33700,-73.10350,41.3355,41.3385,-73.1055,-73.1015,932,916,914,886,921,0,0,0,0,0,
295,Ansonia,0.035796,10,0.2760,0.2075,0.9671,0.2949,-73.08650,41.35550,-73.08850,41.35950,1.3305,0.4810,41.35720,-73.08780,41.3555,41.3585,-73.0895,-73.0865,933,937,917,930,936,0,0,0,0,0,
351,Seymour,0.035796,10,0.2760,0.2075,0.9671,0.2949,-73.07350,41.40050,-73.07150,41.40450,1.3305,0.4810,41.40220,-73.07320,41.4005,41.4035,-73.0745,-73.0715,934,938,920,935,938,0,0,0,0,0,
505,East Haddam,0.035796,10,0.2760,0.2075,0.9671,0.2949,-72.38850,41.50950,-72.39050,41.51350,1.3305,0.4810,41.51120,-72.38980,41.5095,41.5125,-72.3915,-72.3885,935,940,925,940,940,0,0,0,0,0,
670,Wolcott,0.035796,10,0.2760,0.2075,0.9671,0.2949,-73.00150,41.61950,-72.99950,41.61550,1.3305,0.4810,41.61680,-73.00120,41.6155,41.6185,-73.0025,-72.9995,936,942,929,948,942,0,0,0,0,0,
718,Plainfield,0.035796,10,0.2760,0.2075,0.9671,0.2949,-71.90450,41.65850,-71.90250,41.65450,1.3305,0.4810,41.65580,-71.90420,41.6545,41.6575,-71.9055,-71.9025,937,943,931,949,943,0,0,0,0,0,
778,Glastonbury,0.035796,10,0.2760,0.2075,0.9671,0.2949,-72.59850,41.68950,-72.60050,41.69350,1.3305,0.4810,41.69120,-72.59980,41.6895,41.6925,-72.6015,-72.5985,938,947,936,956,947,0,0,0,0,0,
15,Greenwich,0.028637,8,0.2070,0.2075,0.8290,0.2316,-73.62950,41.04150,-73.62750,41.04450,0.9979,0.5236,41.04250,-73.62900,41.0415,41.0435,-73.6305,-73.6275,939,957,952,916,957,0,0,0,0,0,
35,Stamford,0.028637,8,0.2760,0.2075,0.9671,0.2949,-73.55450,41.09050,-73.55250,41.09450,1.3305,0.3848,41.09200,-73.55400,41.0905,41.0935,-73.5555,-73.5525,940,929,901,917,928,0,0,0,0,0,
47,Norwalk,0.028637,8,0.2070,0.2075,0.8290,0.2316,-73.41850,41.12250,-73.41650,41.12550,0.9979,0.5236,41.12350,-73.41800,41.1225,41.1245,-73.4195,-73.4165,941,958,954,918,958,0,0,0,0,0,
68,Stamford,0.028637,8,0.2070,0.2075,0.8290,0.2316,-73.55150,41.15450,-73.54950,41.15750,0.9979,0.5236,41.15550,-73.55100,41.1545,41.1565,-73.5525,-73.5495,942,959,957,919,959,0,0,0,0,0,
70,Stamford,0.028637,8,0.2070,0.2075,0.8290,0.2316,-73.58050,41.15650,-73.57850,41.15950,0.9979,0.5236,41.15750,-73.58000,41.1565,41.1585,-73.5815,-73.5785,943,960,958,920,960,0,0,0,0,0,
87,Fairfield,0.028637,8,0.2070,0.2075,0.8290,0.2316,-73.30050,41.18550,-73.29850,41.18850,0.9979,0.5236,41.18650,-73.30000,41.1855,41.1875,-73.3015,-73.2985,944,961,960,921,961,0,0,0,0,0,
88,Fairfield,0.028637,8,0.2760,0.2075,0.9671,0.2949,-73.27550,41.19050,-73.27750,41.19450,1.3305,0.3848,41.19200,-73.27700,41.1905,41.1935,-73.2785,-73.2755,945,930,903,922,929,0,0,0,0,0,
98,Milford,0.028637,8,0.2070,0.2075,0.8290,0.2316,-73.07050,41.21350,-73.06850,41.21650,0.9979,0.5236,41.21450,-73.07000,41.2135,41.2155,-73.0715,-73.0685,946,962,963,923,962,0,0,0,0,0,
122,Easton,0.028637,8,0.2760,0.1556,0.8633,0.2809,-73.31450,41.24150,-73.31350,41.24550,1.7740,0.4828,41.24300,-73.31450,41.2415,41.2445,-73.3155,-73.3135,947,951,905,974,949,0,0,0,0,0,
124,Easton,0.028637,8,0.2760,0.2075,0.9671,0.2949,-73.29950,41.24350,-73.29750,41.24750,1.3305,0.3848,41.24500,-73.29900,41.2435,41.2465,-73.3005,-73.2975,948,931,906,924,930,0,0,0,0,0,
184,Shelton,0.028637,8,0.2760,0.2075,0.9671,0.2949,-73.14750,41.28650,-73.14550,41.29050,1.3305,0.3848,41.28800,-73.14700,41.2865,41.2895,-73.1485,-73.1455,949,933,908,926,932,0,0,0,0,0,
205,West Haven,0.028637,8,0.2760,0.2075,0.9671,0.2949,-72.96750,41.29650,-72.96950,41.30050,1.3305,0.3848,41.29800,-72.96900,41.2965,41.2995,-72.9705,-72.9675,950,934,910,927,933,0,0,0,0,0,
258,Groton,0.028637,8,0.2760,0.1556,0.8633,0.2809,-72.06550,41.32450,-72.06450,41.32850,1.7740,0.4828,41.32600,-72.06550,41.3245,41.3275,-72.0665,-72.0645,951,952,913,983,950,0,0,0,0,0,
285,Groton,0.028637,8,0.2760,0.2075,0.9671,0.2949,-72.06150,41.34750,-72.06350,41.35150,1.3305,0.3848,41.34900,-72.06300,41.3475,41.3505,-72.0645,-72.0615,952,936,916,929,935,0,0,0,0,0,
307,Newtown,0.028637,8,0.2070,0.2075,0.8290,0.2316,-73.29850,41.36850,-73.29650,41.37150,0.9979,0.5236,41.36950,-73.29800,41.3685,41.3705,-73.2995,-73.2965,953,963,978,931,963,0,0,0,0,0,
340,Bethel,0.028637,8,0.2070,0.2075,0.8290,0.2316,-73.38150,41.39350,-73.37950,41.39650,0.9979,0.5236,41.39450,-73.38100,41.3935,41.3955,-73.3825,-73.3795,954,964,982,933,964,0,0,0,0,0,
345,Bethany,0.028637,8,0.2070,0.2075,0.8290,0.2316,-73.00850,41.39750,-73.00650,41.40050,0.9979,0.5236,41.39850,-73.00800,41.3975,41.3995,-73.0095,-73.0065,955,965,983,934,965,0,0,0,0,0,
366,Newtown,0.028637,8,0.2070,0.2075,0.8290,0.2316,-73.33450,41.41250,-73.33250,41.41550,0.9979,0.5236,41.41350,-73.33400,41.4125,41.4145,-73.3355,-73.3325,956,966,984,936,966,0,0,0,0,0,
395,Southbury,0.028637,8,0.2760,0.2075,0.9671,0.2949,-73.19550,41.43350,-73.19750,41.43750,1.3305,0.3848,41.43500,-73.19700,41.4335,41.4365,-73.1985,-73.1955,957,939,922,937,939,0,0,0,0,0,
551,Waterbury,0.028637,8,0.2760,0.2075,0.9671,0.2949,-72.98350,41.53850,-72.98550,41.54250,1.3305,0.3848,41.54000,-72.98500,41.5385,41.5415,-72.9865,-72.9835,958,941,927,943,941,0,0,0,0,0,
611,Portland,0.028637,8,0.2760,0.1556,0.8633,0.2809,-72.58050,41.57850,-72.57950,41.58250,1.7740,0.4828,41.58000,-72.58050,41.5785,41.5815,-72.5815,-72.5795,959,953,928,1006,951,0,0,0,0,0,
655,Watertown,0.028637,8,0.2070,0.2075,0.8290,0.2316,-73.08550,41.60450,-73.08350,41.60750,0.9979,0.5236,41.60550,-73.08500,41.6045,41.6065,-73.0865,-73.0835,960,967,1008,947,967,0,0,0,0,0,
682,Washington,0.028637,8,0.2760,0.1556,0.8633,0.2809,-73.35050,41.62550,-73.34950,41.62950,1.7740,0.4828,41.62700,-73.35050,41.6255,41.6285,-73.3515,-73.3495,961,954,930,1011,952,0,0,0,0,0,
725,Rocky Hill,0.028637,8,0.2760,0.2075,0.9671,0.2949,-72.68650,41.65750,-72.68850,41.66150,1.3305,0.3848,41.65900,-72.68800,41.6575,41.6605,-72.6895,-72.6865,962,944,932,950,944,0,0,0,0,0,
728,Hebron,0.028637,8,0.2760,0.2075,0.9671,0.2949,-72.37950,41.65950,-72.37750,41.66350,1.3305,0.3848,41.66100,-72.37900,41.6595,41.6625,-72.3805,-72.3775,963,945,933,951,945,0,0,0,0,0,
740,Glastonbury,0.028637,8,0.2760,0.2075,0.9671,0.2949,-72.54150,41.66850,-72.54350,41.67250,1.3305,0.3848,41.67000,-72.54300,41.6685,41.6715,-72.5445,-72.5415,964,946,934,952,946,0,0,0,0,0,
763,Plymouth,0.028637,8,0.2070,0.2075,0.8290,0.2316,-73.03750,41.67950,-73.03550,41.68250,0.9979,0.5236,41.68050,-73.03700,41.6795,41.6815,-73.0385,-73.0355,965,968,1015,955,968,0,0,0,0,0,
888,Cornwall,0.028637,8,0.2760,0.1556,0.8633,0.2809,-73.31950,41.79750,-73.31850,41.80150,1.7740,0.4828,41.79900,-73.31950,41.7975,41.8005,-73.3205,-73.3185,966,955,938,1022,953,0,0,0,0,0,
986,East Windsor,0.028637,8,0.2070,0.2075,0.8290,0.2316,-72.53550,41.89550,-72.53350,41.89850,0.9979,0.5236,41.89650,-72.53500,41.8955,41.8975,-72.5365,-72.5335,967,969,1025,959,969,0,0,0,0,0,
1063,Barkhamsted,0.028637,8,0.2760,0.2075,0.9671,0.2949,-72.92650,41.96650,-72.92850,41.97050,1.3305,0.3848,41.96800,-72.92800,41.9665,41.9695,-72.9295,-72.9265,968,948,945,961,948,0,0,0,0,0,
1116,Enfield,0.028637,8,0.2760,0.1556,0.8633,0.2809,-72.58650,42.00550,-72.58550,42.00950,1.7740,0.4828,42.00700,-72.58650,42.0055,42.0085,-72.5875,-72.5855,969,956,947,1031,954,0,0,0,0,0,
13,Greenwich,0.017898,5,0.2070,0.1556,0.7253,0.2134,-73.61050,41.04050,-73.60950,41.04350,1.3305,0.4276,41.04150,-73.61050,41.0405,41.0425,-73.6115,-73.6095,970,970,950,962,970,0,0,0,0,0,
14,Greenwich,0.017898,5,0.2070,0.1556,0.7253,0.2134,-73.65350,41.04150,-73.65250,41.04450,1.3305,0.4276,41.04250,-73.65350,41.0415,41.0435,-73.6545,-73.6525,971,971,951,963,971,0,0,0,0,0,
46,New Canaan,0.017898,5,0.2070,0.1556,0.7253,0.2134,-73.47650,41.11650,-73.47550,41.11950,1.3305,0.4276,41.11750,-73.47650,41.1165,41.1185,-73.4775,-73.4755,972,972,953,964,972,0,0,0,0,0,
56,Westport,0.017898,5,0.2070,0.1556,0.7253,0.2134,-73.34950,41.13350,-73.34850,41.13650,1.3305,0.4276,41.13450,-73.34950,41.1335,41.1355,-73.3505,-73.3485,973,973,955,965,973,0,0,0,0,0,
60,Westport,0.017898,5,0.2070,0.1556,0.7253,0.2134,-73.34650,41.14350,-73.34550,41.14650,1.3305,0.4276,41.14450,-73.34650,41.1435,41.1455,-73.3475,-73.3455,974,974,956,966,974,0,0,0,0,0,
80,Fairfield,0.017898,5,0.2070,0.1556,0.7253,0.2134,-73.28050,41.17450,-73.27950,41.17750,1.3305,0.4276,41.17550,-73.28050,41.1745,41.1765,-73.2815,-73.2795,975,975,959,967,975,0,0,0,0,0,
93,Wilton,0.017898,5,0.2070,0.1556,0.7253,0.2134,-73.46350,41.20550,-73.46250,41.20850,1.3305,0.4276,41.20650,-73.46350,41.2055,41.2075,-73.4645,-73.4625,976,976,961,968,976,0,0,0,0,0,
97,Milford,0.017898,5,0.2070,0.1556,0.7253,0.2134,-73.04050,41.21150,-73.03950,41.21450,1.3305,0.4276,41.21250,-73.04050,41.2115,41.2135,-73.0415,-73.0395,977,977,962,969,977,0,0,0,0,0,
102,Wilton,0.017898,5,0.2070,0.1556,0.7253,0.2134,-73.48350,41.22350,-73.48250,41.22650,1.3305,0.4276,41.22450,-73.48350,41.2235,41.2255,-73.4845,-73.4825,978,978,964,970,978,0,0,0,0,0,
109,Trumbull,0.017898,5,0.2070,0.1556,0.7253,0.2134,-73.22250,41.22850,-73.22150,41.23150,1.3305,0.4276,41.22950,-73.22250,41.2285,41.2305,-73.2235,-73.2215,979,979,965,971,979,0,0,0,0,0,
114,Trumbull,0.017898,5,0.2070,0.1556,0.7253,0.2134,-73.16650,41.23450,-73.16550,41.23750,1.3305,0.4276,41.23550,-73.16650,41.2345,41.2365,-73.1675,-73.1655,980,980,966,972,980,0,0,0,0,0,
118,Weston,0.017898,5,0.2070,0.1556,0.7253,0.2134,-73.36550,41.23750,-73.36450,41.24050,1.3305,0.4276,41.23850,-73.36550,41.2375,41.2395,-73.3665,-73.3645,981,981,967,973,981,0,0,0,0,0,
130,Milford,0.017898,5,0.2070,0.1556,0.7253,0.2134,-73.05750,41.24550,-73.05650,41.24850,1.3305,0.4276,41.24650,-73.05750,41.2455,41.2475,-73.0585,-73.0565,982,982,968,975,982,0,0,0,0,0,
162,Clinton,0.017898,5,0.2070,0.1556,0.7253,0.2134,-72.50550,41.27650,-72.50450,41.27950,1.3305,0.4276,41.27750,-72.50550,41.2765,41.2785,-72.5065,-72.5045,983,983,969,976,983,0,0,0,0,0,
169,Trumbull,0.017898,5,0.2070,0.1556,0.7253,0.2134,-73.18850,41.27950,-73.18750,41.28250,1.3305,0.4276,41.28050,-73.18850,41.2795,41.2815,-73.1895,-73.1875,984,984,970,977,984,0,0,0,0,0,
203,Old Lyme,0.017898,5,0.2070,0.1556,0.7253,0.2134,-72.27150,41.29450,-72.27050,41.29750,1.3305,0.4276,41.29550,-72.27150,41.2945,41.2965,-72.2725,-72.2705,985,985,971,979,985,0,0,0,0,0,
215,Redding,0.017898,5,0.2070,0.1556,0.7253,0.2134,-73.42750,41.29950,-73.42650,41.30250,1.3305,0.4276,41.30050,-73.42750,41.2995,41.3015,-73.4285,-73.4265,986,986,972,980,986,0,0,0,0,0,
230,Redding,0.017898,5,0.2070,0.1556,0.7253,0.2134,-73.32450,41.31050,-73.32350,41.31350,1.3305,0.4276,41.31150,-73.32450,41.3105,41.3125,-73.3255,-73.3235,987,987,973,981,987,0,0,0,0,0,
234,Redding,0.017898,5,0.2070,0.1556,0.7253,0.2134,-73.45650,41.31250,-73.45550,41.31550,1.3305,0.4276,41.31350,-73.45650,41.3125,41.3145,-73.4575,-73.4555,988,988,974,982,988,0,0,0,0,0,
294,Ridgefield,0.017898,5,0.2070,0.1556,0.7253,0.2134,-73.51850,41.35550,-73.51750,41.35850,1.3305,0.4276,41.35650,-73.51850,41.3555,41.3575,-73.5195,-73.5175,989,989,977,984,989,0,0,0,0,0,
326,North Branford,0.017898,5,0.2070,0.1556,0.7253,0.2134,-72.80050,41.37550,-72.79950,41.37850,1.3305,0.4276,41.37650,-72.80050,41.3755,41.3775,-72.8015,-72.7995,990,990,979,985,990,0,0,0,0,0,
328,Bethel,0.017898,5,0.2070,0.1556,0.7253,0.2134,-73.38250,41.38150,-73.38150,41.38450,1.3305,0.4276,41.38250,-73.38250,41.3815,41.3835,-73.3835,-73.3815,991,991,980,986,991,0,0,0,0,0,
329,Newtown,0.017898,5,0.2070,0.1556,0.7253,0.2134,-73.30650,41.38250,-73.30550,41.38550,1.3305,0.4276,41.38350,-73.30650,41.3825,41.3845,-73.3075,-73.3055,992,992,981,987,992,0,0,0,0,0,
380,Oxford,0.017898,5,0.2070,0.1556,0.7253,0.2134,-73.13450,41.42450,-73.13350,41.42750,1.3305,0.4276,41.42550,-73.13450,41.4245,41.4265,-73.1355,-73.1335,993,993,985,988,993,0,0,0,0,0,
393,Oxford,0.017898,5,0.2070,0.1556,0.7253,0.2134,-73.12550,41.43150,-73.12450,41.43450,1.3305,0.4276,41.43250,-73.12550,41.4315,41.4335,-73.1265,-73.1245,994,994,986,989,994,0,0,0,0,0,
417,Danbury,0.017898,5,0.2070,0.1556,0.7253,0.2134,-73.50250,41.44550,-73.50150,41.44850,1.3305,0.4276,41.44650,-73.50250,41.4455,41.4475,-73.5035,-73.5015,995,995,987,990,995,0,0,0,0,0,
425,Durham,0.017898,5,0.2070,0.1556,0.7253,0.2134,-72.73250,41.44850,-72.73150,41.45150,1.3305,0.4276,41.44950,-72.73250,41.4485,41.4505,-72.7335,-72.7315,996,996,988,991,996,0,0,0,0,0,
458,East Haddam,0.017898,5,0.2070,0.1556,0.7253,0.2134,-72.45450,41.47350,-72.45350,41.47650,1.3305,0.4276,41.47450,-72.45450,41.4735,41.4755,-72.4555,-72.4535,997,997,989,992,997,0,0,0,0,0,
480,Wallingford,0.017898,5,0.2070,0.1556,0.7253,0.2134,-72.84950,41.49750,-72.84850,41.50050,1.3305,0.4276,41.49850,-72.84950,41.4975,41.4995,-72.8505,-72.8485,998,998,990,993,998,0,0,0,0,0,
489,Southbury,0.017898,5,0.2070,0.1556,0.7253,0.2134,-73.20450,41.50250,-73.20350,41.50550,1.3305,0.4276,41.50350,-73.20450,41.5025,41.5045,-73.2055,-73.2035,999,999,991,994,999,0,0,0,0,0,
502,Wallingford,0.017898,5,0.2070,0.1556,0.7253,0.2134,-72.83350,41.50750,-72.83250,41.51050,1.3305,0.4276,41.50850,-72.83350,41.5075,41.5095,-72.8345,-72.8325,1000,1000,992,995,1000,0,0,0,0,0,
511,East Hampton,0.017898,5,0.2070,0.1556,0.7253,0.2134,-72.52150,41.51450,-72.52050,41.51750,1.3305,0.4276,41.51550,-72.52150,41.5145,41.5165,-72.5225,-72.5205,1001,1001,993,996,1001,0,0,0,0,0,
523,Middletown,0.017898,5,0.2070,0.1556,0.7253,0.2134,-72.67150,41.52450,-72.67050,41.52750,1.3305,0.4276,41.52550,-72.67150,41.5245,41.5265,-72.6725,-72.6705,1002,1002,994,997,1002,0,0,0,0,0,
527,Middlefield,0.017898,5,0.2070,0.1556,0.7253,0.2134,-72.68450,41.52650,-72.68350,41.52950,1.3305,0.4276,41.52750,-72.68450,41.5265,41.5285,-72.6855,-72.6835,1003,1003,995,998,1003,0,0,0,0,0,
528,East Hampton,0.017898,5,0.2070,0.1556,0.7253,0.2134,-72.52750,41.52650,-72.52650,41.52950,1.3305,0.4276,41.52750,-72.52750,41.5265,41.5285,-72.5285,-72.5265,1004,1004,996,999,1004,0,0,0,0,0,
564,Middletown,0.017898,5,0.2070,0.1556,0.7253,0.2134,-72.63250,41.54750,-72.63150,41.55050,1.3305,0.4276,41.54850,-72.63250,41.5475,41.5495,-72.6335,-72.6315,1005,1005,997,1000,1005,0,0,0,0,0,
571,Waterbury,0.017898,5,0.2070,0.1556,0.7253,0.2134,-73.04950,41.55250,-73.04850,41.55550,1.3305,0.4276,41.55350,-73.04950,41.5525,41.5545,-73.0505,-73.0485,1006,1006,998,1001,1006,0,0,0,0,0,
579,Sherman,0.017898,5,0.2070,0.1556,0.7253,0.2134,-73.49750,41.55850,-73.49650,41.56150,1.3305,0.4276,41.55950,-73.49750,41.5585,41.5605,-73.4985,-73.4965,1007,1007,999,1002,1007,0,0,0,0,0,
586,Berlin,0.017898,5,0.2070,0.1556,0.7253,0.2134,-72.81150,41.56650,-72.81050,41.56950,1.3305,0.4276,41.56750,-72.81150,41.5665,41.5685,-72.8125,-72.8105,1008,1008,1001,1003,1008,0,0,0,0,0,
588,Roxbury,0.017898,5,0.2070,0.1556,0.7253,0.2134,-73.30950,41.56750,-73.30850,41.57050,1.3305,0.4276,41.56850,-73.30950,41.5675,41.5695,-73.3105,-73.3085,1009,1009,1002,1004,1009,0,0,0,0,0,
591,Bozrah,0.017898,5,0.2070,0.1556,0.7253,0.2134,-72.13850,41.56750,-72.13750,41.57050,1.3305,0.4276,41.56850,-72.13850,41.5675,41.5695,-72.1395,-72.1375,1010,1010,1003,1005,1010,0,0,0,0,0,
612,Roxbury,0.017898,5,0.2070,0.1556,0.7253,0.2134,-73.27650,41.57950,-73.27550,41.58250,1.3305,0.4276,41.58050,-73.27650,41.5795,41.5815,-73.2775,-73.2755,1011,1011,1004,1007,1011,0,0,0,0,0,
626,Lebanon,0.017898,5,0.2070,0.1556,0.7253,0.2134,-72.20450,41.58650,-72.20350,41.58950,1.3305,0.4276,41.58750,-72.20450,41.5865,41.5885,-72.2055,-72.2035,1012,1012,1005,1008,1012,0,0,0,0,0,
630,Waterbury,0.017898,5,0.2070,0.1556,0.7253,0.2134,-73.02150,41.58850,-73.02050,41.59150,1.3305,0.4276,41.58950,-73.02150,41.5885,41.5905,-73.0225,-73.0205,1013,1013,1006,1009,1013,0,0,0,0,0,
649,Griswold,0.017898,5,0.2070,0.1556,0.7253,0.2134,-71.89850,41.59950,-71.89750,41.60250,1.3305,0.4276,41.60050,-71.89850,41.5995,41.6015,-71.8995,-71.8975,1014,1014,1007,1010,1014,0,0,0,0,0,
687,New Milford,0.017898,5,0.2070,0.1556,0.7253,0.2134,-73.38950,41.63250,-73.38850,41.63550,1.3305,0.4276,41.63350,-73.38950,41.6325,41.6345,-73.3905,-73.3885,1015,1015,1009,1012,1015,0,0,0,0,0,
705,Rocky Hill,0.017898,5,0.2070,0.1556,0.7253,0.2134,-72.67250,41.64650,-72.67150,41.64950,1.3305,0.4276,41.64750,-72.67250,41.6465,41.6485,-72.6735,-72.6715,1016,1016,1011,1013,1016,0,0,0,0,0,
712,Rocky Hill,0.017898,5,0.2070,0.1556,0.7253,0.2134,-72.67350,41.65150,-72.67250,41.65450,1.3305,0.4276,41.65250,-72.67350,41.6515,41.6535,-72.6745,-72.6725,1017,1017,1012,1014,1017,0,0,0,0,0,
736,Lebanon,0.017898,5,0.2070,0.1556,0.7253,0.2134,-72.26750,41.66650,-72.26650,41.66950,1.3305,0.4276,41.66750,-72.26750,41.6665,41.6685,-72.2685,-72.2665,1018,1018,1013,1015,1018,0,0,0,0,0,
754,Rocky Hill,0.017898,5,0.2070,0.1556,0.7253,0.2134,-72.65250,41.67650,-72.65150,41.67950,1.3305,0.4276,41.67750,-72.65250,41.6765,41.6785,-72.6535,-72.6515,1019,1019,1014,1016,1019,0,0,0,0,0,
783,Kent,0.017898,5,0.2070,0.1556,0.7253,0.2134,-73.49350,41.69550,-73.49250,41.69850,1.3305,0.4276,41.69650,-73.49350,41.6955,41.6975,-73.4945,-73.4925,1020,1020,1016,1017,1020,0,0,0,0,0,
787,Sterling,0.017898,5,0.2070,0.1556,0.7253,0.2134,-71.82550,41.69650,-71.82450,41.69950,1.3305,0.4276,41.69750,-71.82550,41.6965,41.6985,-71.8265,-71.8245,1021,1021,1018,1018,1021,0,0,0,0,0,
804,Columbia,0.017898,5,0.2070,0.1556,0.7253,0.2134,-72.27550,41.70550,-72.27450,41.70850,1.3305,0.4276,41.70650,-72.27550,41.7055,41.7075,-72.2765,-72.2745,1022,1022,1019,1019,1022,0,0,0,0,0,
819,Plainfield,0.017898,5,0.2070,0.1556,0.7253,0.2134,-71.86050,41.72450,-71.85950,41.72750,1.3305,0.4276,41.72550,-71.86050,41.7245,41.7265,-71.8615,-71.8595,1023,1023,1020,1020,1023,0,0,0,0,0,
886,Killingly,0.017898,5,0.2070,0.1556,0.7253,0.2134,-71.82050,41.79350,-71.81950,41.79650,1.3305,0.4276,41.79450,-71.82050,41.7935,41.7955,-71.8215,-71.8195,1024,1024,1021,1021,1024,0,0,0,0,0,
904,Torrington,0.017898,5,0.2070,0.1556,0.7253,0.2134,-73.10050,41.81050,-73.09950,41.81350,1.3305,0.4276,41.81150,-73.10050,41.8105,41.8125,-73.1015,-73.0995,1025,1025,1022,1023,1025,0,0,0,0,0,
977,Winchester,0.017898,5,0.2070,0.1556,0.7253,0.2134,-73.12950,41.88650,-73.12850,41.88950,1.3305,0.4276,41.88750,-73.12950,41.8865,41.8885,-73.1305,-73.1285,1026,1026,1024,1024,1026,0,0,0,0,0,
990,Ashford,0.017898,5,0.2070,0.1556,0.7253,0.2134,-72.20550,41.89850,-72.20450,41.90150,1.3305,0.4276,41.89950,-72.20550,41.8985,41.9005,-72.2065,-72.2045,1027,1027,1026,1025,1027,0,0,0,0,0,
1023,East Granby,0.017898,5,0.2070,0.1556,0.7253,0.2134,-72.77850,41.92250,-72.77750,41.92550,1.3305,0.4276,41.92350,-72.77850,41.9225,41.9245,-72.7795,-72.7775,1028,1028,1027,1026,1028,0,0,0,0,0,
1044,Stafford,0.017898,5,0.2070,0.1556,0.7253,0.2134,-72.29850,41.94650,-72.29750,41.94950,1.3305,0.4276,41.94750,-72.29850,41.9465,41.9485,-72.2995,-72.2975,1029,1029,1028,1027,1029,0,0,0,0,0,
1083,Stafford,0.017898,5,0.2070,0.1556,0.7253,0.2134,-72.36350,41.98250,-72.36250,41.98550,1.3305,0.4276,41.98350,-72.36350,41.9825,41.9845,-72.3645,-72.3625,1030,1030,1029,1028,1030,0,0,0,0,0,
1097,Enfield,0.017898,5,0.2070,0.1556,0.7253,0.2134,-72.54650,41.99450,-72.54550,41.99750,1.3305,0.4276,41.99550,-72.54650,41.9945,41.9965,-72.5475,-72.5455,1031,1031,1030,1029,1031,0,0,0,0,0,
1110,Colebrook,0.017898,5,0.2070,0.1556,0.7253,0.2134,-73.12350,42.00250,-73.12250,42.00550,1.3305,0.4276,42.00350,-73.12350,42.0025,42.0045,-73.1245,-73.1225,1032,1032,1031,1030,1032,0,0,0,0,0,
