{"type": "FeatureCollection", "properties": {"zoom": 14, "boundary": "shoreline", "tiles_in_region": 4024, "earned": 3709, "unwalked": 315}, "features": [{"type": "Feature", "properties": {"x": 4840, "y": 6143, "z": 14, "status": "unwalked", "town": "Greenwich", "center_lat": 40.988191, "center_lon": -73.641357}, "geometry": {"type": "Polygon", "coordinates": [[[-73.652344, 40.979898], [-73.630371, 40.979898], [-73.630371, 40.996484], [-73.652344, 40.996484], [-73.652344, 40.979898]]]}}, {"type": "Feature", "properties": {"x": 4842, "y": 6132, "z": 14, "status": "unwalked", "town": "Stamford", "center_lat": 41.170384, "center_lon": -73.597412}, "geometry": {"type": "Polygon", "coordinates": [[[-73.608398, 41.162114], [-73.586426, 41.162114], [-73.586426, 41.178654], [-73.608398, 41.178654], [-73.608398, 41.162114]]]}}, {"type": "Feature", "properties": {"x": 4842, "y": 6142, "z": 14, "status": "unwalked", "town": "Greenwich", "center_lat": 41.004775, "center_lon": -73.597412}, "geometry": {"type": "Polygon", "coordinates": [[[-73.608398, 40.996484], [-73.586426, 40.996484], [-73.586426, 41.013066], [-73.608398, 41.013066], [-73.608398, 40.996484]]]}}, {"type": "Feature", "properties": {"x": 4844, "y": 6121, "z": 14, "status": "unwalked", "town": "Ridgefield", "center_lat": 41.352072, "center_lon": -73.553467}, "geometry": {"type": "Polygon", "coordinates": [[[-73.564453, 41.343825], [-73.54248, 41.343825], [-73.54248, 41.360319], [-73.564453, 41.360319], [-73.564453, 41.343825]]]}}, {"type": "Feature", "properties": {"x": 4845, "y": 6105, "z": 14, "status": "unwalked", "town": "Sherman", "center_lat": 41.615442, "center_lon": -73.531494}, "geometry": {"type": "Polygon", "coordinates": [[[-73.54248, 41.607228], [-73.520508, 41.607228], [-73.520508, 41.623655], [-73.54248, 41.623655], [-73.54248, 41.607228]]]}}, {"type": "Feature", "properties": {"x": 4845, "y": 6106, "z": 14, "status": "unwalked", "town": "Sherman", "center_lat": 41.599013, "center_lon": -73.531494}, "geometry": {"type": "Polygon", "coordinates": [[[-73.54248, 41.590797], [-73.520508, 41.590797], [-73.520508, 41.607228], [-73.54248, 41.607228], [-73.54248, 41.590797]]]}}, {"type": "Feature", "properties": {"x": 4845, "y": 6127, "z": 14, "status": "unwalked", "town": "Ridgefield", "center_lat": 41.253032, "center_lon": -73.531494}, "geometry": {"type": "Polygon", "coordinates": [[[-73.54248, 41.244772], [-73.520508, 41.244772], [-73.520508, 41.261291], [-73.54248, 41.261291], [-73.54248, 41.244772]]]}}, {"type": "Feature", "properties": {"x": 4845, "y": 6130, "z": 14, "status": "unwalked", "town": "New Canaan", "center_lat": 41.203456, "center_lon": -73.531494}, "geometry": {"type": "Polygon", "coordinates": [[[-73.54248, 41.19519], [-73.520508, 41.19519], [-73.520508, 41.211722], [-73.54248, 41.211722], [-73.54248, 41.19519]]]}}, {"type": "Feature", "properties": {"x": 4846, "y": 6088, "z": 14, "status": "unwalked", "town": "Sharon", "center_lat": 41.894099, "center_lon": -73.509521}, "geometry": {"type": "Polygon", "coordinates": [[[-73.520508, 41.885921], [-73.498535, 41.885921], [-73.498535, 41.902277], [-73.520508, 41.902277], [-73.520508, 41.885921]]]}}, {"type": "Feature", "properties": {"x": 4846, "y": 6099, "z": 14, "status": "unwalked", "town": "Kent", "center_lat": 41.71393, "center_lon": -73.509521}, "geometry": {"type": "Polygon", "coordinates": [[[-73.520508, 41.705729], [-73.498535, 41.705729], [-73.498535, 41.722131], [-73.520508, 41.722131], [-73.520508, 41.705729]]]}}, {"type": "Feature", "properties": {"x": 4847, "y": 6079, "z": 14, "status": "unwalked", "town": "Salisbury", "center_lat": 42.041133, "center_lon": -73.487549}, "geometry": {"type": "Polygon", "coordinates": [[[-73.498535, 42.032974], [-73.476562, 42.032974], [-73.476562, 42.049293], [-73.498535, 42.049293], [-73.498535, 42.032974]]]}}, {"type": "Feature", "properties": {"x": 4847, "y": 6080, "z": 14, "status": "unwalked", "town": "Salisbury", "center_lat": 42.024813, "center_lon": -73.487549}, "geometry": {"type": "Polygon", "coordinates": [[[-73.498535, 42.016652], [-73.476562, 42.016652], [-73.476562, 42.032974], [-73.498535, 42.032974], [-73.498535, 42.016652]]]}}, {"type": "Feature", "properties": {"x": 4847, "y": 6117, "z": 14, "status": "unwalked", "town": "Danbury", "center_lat": 41.418015, "center_lon": -73.487549}, "geometry": {"type": "Polygon", "coordinates": [[[-73.498535, 41.409776], [-73.476562, 41.409776], [-73.476562, 41.426253], [-73.498535, 41.426253], [-73.498535, 41.409776]]]}}, {"type": "Feature", "properties": {"x": 4847, "y": 6118, "z": 14, "status": "unwalked", "town": "Danbury", "center_lat": 41.401535, "center_lon": -73.487549}, "geometry": {"type": "Polygon", "coordinates": [[[-73.498535, 41.393294], [-73.476562, 41.393294], [-73.476562, 41.409776], [-73.498535, 41.409776], [-73.498535, 41.393294]]]}}, {"type": "Feature", "properties": {"x": 4847, "y": 6119, "z": 14, "status": "unwalked", "town": "Danbury", "center_lat": 41.385051, "center_lon": -73.487549}, "geometry": {"type": "Polygon", "coordinates": [[[-73.498535, 41.376809], [-73.476562, 41.376809], [-73.476562, 41.393294], [-73.498535, 41.393294], [-73.498535, 41.376809]]]}}, {"type": "Feature", "properties": {"x": 4848, "y": 6091, "z": 14, "status": "unwalked", "town": "Sharon", "center_lat": 41.845012, "center_lon": -73.465576}, "geometry": {"type": "Polygon", "coordinates": [[[-73.476562, 41.836828], [-73.45459, 41.836828], [-73.45459, 41.853196], [-73.476562, 41.853196], [-73.476562, 41.836828]]]}}, {"type": "Feature", "properties": {"x": 4848, "y": 6092, "z": 14, "status": "unwalked", "town": "Sharon", "center_lat": 41.828641, "center_lon": -73.465576}, "geometry": {"type": "Polygon", "coordinates": [[[-73.476562, 41.820455], [-73.45459, 41.820455], [-73.45459, 41.836828], [-73.476562, 41.836828], [-73.476562, 41.820455]]]}}, {"type": "Feature", "properties": {"x": 4848, "y": 6100, "z": 14, "status": "unwalked", "town": "Kent", "center_lat": 41.697525, "center_lon": -73.465576}, "geometry": {"type": "Polygon", "coordinates": [[[-73.476562, 41.689322], [-73.45459, 41.689322], [-73.45459, 41.705729], [-73.476562, 41.705729], [-73.476562, 41.689322]]]}}, {"type": "Feature", "properties": {"x": 4848, "y": 6118, "z": 14, "status": "unwalked", "town": "Danbury", "center_lat": 41.401535, "center_lon": -73.465576}, "geometry": {"type": "Polygon", "coordinates": [[[-73.476562, 41.393294], [-73.45459, 41.393294], [-73.45459, 41.409776], [-73.476562, 41.409776], [-73.476562, 41.393294]]]}}, {"type": "Feature", "properties": {"x": 4848, "y": 6140, "z": 14, "status": "unwalked", "town": "Darien", "center_lat": 41.03793, "center_lon": -73.465576}, "geometry": {"type": "Polygon", "coordinates": [[[-73.476562, 41.029643], [-73.45459, 41.029643], [-73.45459, 41.046217], [-73.476562, 41.046217], [-73.476562, 41.029643]]]}}, {"type": "Feature", "properties": {"x": 4849, "y": 6078, "z": 14, "status": "unwalked", "town": "Salisbury", "center_lat": 42.05745, "center_lon": -73.443604}, "geometry": {"type": "Polygon", "coordinates": [[[-73.45459, 42.049293], [-73.432617, 42.049293], [-73.432617, 42.065607], [-73.45459, 42.065607], [-73.45459, 42.049293]]]}}, {"type": "Feature", "properties": {"x": 4849, "y": 6104, "z": 14, "status": "unwalked", "town": "New Milford", "center_lat": 41.631867, "center_lon": -73.443604}, "geometry": {"type": "Polygon", "coordinates": [[[-73.45459, 41.623655], [-73.432617, 41.623655], [-73.432617, 41.640078], [-73.45459, 41.640078], [-73.45459, 41.623655]]]}}, {"type": "Feature", "properties": {"x": 4849, "y": 6114, "z": 14, "status": "unwalked", "town": "New Fairfield", "center_lat": 41.467428, "center_lon": -73.443604}, "geometry": {"type": "Polygon", "coordinates": [[[-73.45459, 41.459195], [-73.432617, 41.459195], [-73.432617, 41.47566], [-73.45459, 41.47566], [-73.45459, 41.459195]]]}}, {"type": "Feature", "properties": {"x": 4849, "y": 6120, "z": 14, "status": "unwalked", "town": "Danbury", "center_lat": 41.368564, "center_lon": -73.443604}, "geometry": {"type": "Polygon", "coordinates": [[[-73.45459, 41.360319], [-73.432617, 41.360319], [-73.432617, 41.376809], [-73.45459, 41.376809], [-73.45459, 41.360319]]]}}, {"type": "Feature", "properties": {"x": 4849, "y": 6129, "z": 14, "status": "unwalked", "town": "Wilton", "center_lat": 41.219985, "center_lon": -73.443604}, "geometry": {"type": "Polygon", "coordinates": [[[-73.45459, 41.211722], [-73.432617, 41.211722], [-73.432617, 41.228249], [-73.45459, 41.228249], [-73.45459, 41.211722]]]}}, {"type": "Feature", "properties": {"x": 4849, "y": 6139, "z": 14, "status": "unwalked", "town": "Norwalk", "center_lat": 41.054501, "center_lon": -73.443604}, "geometry": {"type": "Polygon", "coordinates": [[[-73.45459, 41.046217], [-73.432617, 41.046217], [-73.432617, 41.062786], [-73.45459, 41.062786], [-73.45459, 41.046217]]]}}, {"type": "Feature", "properties": {"x": 4850, "y": 6078, "z": 14, "status": "unwalked", "town": "Salisbury", "center_lat": 42.05745, "center_lon": -73.421631}, "geometry": {"type": "Polygon", "coordinates": [[[-73.432617, 42.049293], [-73.410645, 42.049293], [-73.410645, 42.065607], [-73.432617, 42.065607], [-73.432617, 42.049293]]]}}, {"type": "Feature", "properties": {"x": 4850, "y": 6084, "z": 14, "status": "unwalked", "town": "Salisbury", "center_lat": 41.95949, "center_lon": -73.421631}, "geometry": {"type": "Polygon", "coordinates": [[[-73.432617, 41.95132], [-73.410645, 41.95132], [-73.410645, 41.967659], [-73.432617, 41.967659], [-73.432617, 41.95132]]]}}, {"type": "Feature", "properties": {"x": 4850, "y": 6089, "z": 14, "status": "unwalked", "town": "Sharon", "center_lat": 41.877741, "center_lon": -73.421631}, "geometry": {"type": "Polygon", "coordinates": [[[-73.432617, 41.869561], [-73.410645, 41.869561], [-73.410645, 41.885921], [-73.432617, 41.885921], [-73.432617, 41.869561]]]}}, {"type": "Feature", "properties": {"x": 4850, "y": 6094, "z": 14, "status": "unwalked", "town": "Sharon", "center_lat": 41.795888, "center_lon": -73.421631}, "geometry": {"type": "Polygon", "coordinates": [[[-73.432617, 41.787697], [-73.410645, 41.787697], [-73.410645, 41.804078], [-73.432617, 41.804078], [-73.432617, 41.787697]]]}}, {"type": "Feature", "properties": {"x": 4850, "y": 6139, "z": 14, "status": "unwalked", "town": "Norwalk", "center_lat": 41.054501, "center_lon": -73.421631}, "geometry": {"type": "Polygon", "coordinates": [[[-73.432617, 41.046217], [-73.410645, 41.046217], [-73.410645, 41.062786], [-73.432617, 41.062786], [-73.432617, 41.046217]]]}}, {"type": "Feature", "properties": {"x": 4851, "y": 6078, "z": 14, "status": "unwalked", "town": "Salisbury", "center_lat": 42.05745, "center_lon": -73.399658}, "geometry": {"type": "Polygon", "coordinates": [[[-73.410645, 42.049293], [-73.388672, 42.049293], [-73.388672, 42.065607], [-73.410645, 42.065607], [-73.410645, 42.049293]]]}}, {"type": "Feature", "properties": {"x": 4851, "y": 6115, "z": 14, "status": "unwalked", "town": "Brookfield", "center_lat": 41.450961, "center_lon": -73.399658}, "geometry": {"type": "Polygon", "coordinates": [[[-73.410645, 41.442726], [-73.388672, 41.442726], [-73.388672, 41.459195], [-73.410645, 41.459195], [-73.410645, 41.442726]]]}}, {"type": "Feature", "properties": {"x": 4851, "y": 6137, "z": 14, "status": "unwalked", "town": "Norwalk", "center_lat": 41.087632, "center_lon": -73.399658}, "geometry": {"type": "Polygon", "coordinates": [[[-73.410645, 41.079351], [-73.388672, 41.079351], [-73.388672, 41.095912], [-73.410645, 41.095912], [-73.410645, 41.079351]]]}}, {"type": "Feature", "properties": {"x": 4851, "y": 6138, "z": 14, "status": "unwalked", "town": "Norwalk", "center_lat": 41.071069, "center_lon": -73.399658}, "geometry": {"type": "Polygon", "coordinates": [[[-73.410645, 41.062786], [-73.388672, 41.062786], [-73.388672, 41.079351], [-73.410645, 41.079351], [-73.410645, 41.062786]]]}}, {"type": "Feature", "properties": {"x": 4852, "y": 6081, "z": 14, "status": "unwalked", "town": "Salisbury", "center_lat": 42.008488, "center_lon": -73.377686}, "geometry": {"type": "Polygon", "coordinates": [[[-73.388672, 42.000325], [-73.366699, 42.000325], [-73.366699, 42.016652], [-73.388672, 42.016652], [-73.388672, 42.000325]]]}}, {"type": "Feature", "properties": {"x": 4852, "y": 6087, "z": 14, "status": "unwalked", "town": "Sharon", "center_lat": 41.910453, "center_lon": -73.377686}, "geometry": {"type": "Polygon", "coordinates": [[[-73.388672, 41.902277], [-73.366699, 41.902277], [-73.366699, 41.918629], [-73.388672, 41.918629], [-73.388672, 41.902277]]]}}, {"type": "Feature", "properties": {"x": 4852, "y": 6088, "z": 14, "status": "unwalked", "town": "Sharon", "center_lat": 41.894099, "center_lon": -73.377686}, "geometry": {"type": "Polygon", "coordinates": [[[-73.388672, 41.885921], [-73.366699, 41.885921], [-73.366699, 41.902277], [-73.388672, 41.902277], [-73.388672, 41.885921]]]}}, {"type": "Feature", "properties": {"x": 4852, "y": 6091, "z": 14, "status": "unwalked", "town": "Sharon", "center_lat": 41.845012, "center_lon": -73.377686}, "geometry": {"type": "Polygon", "coordinates": [[[-73.388672, 41.836828], [-73.366699, 41.836828], [-73.366699, 41.853196], [-73.388672, 41.853196], [-73.388672, 41.836828]]]}}, {"type": "Feature", "properties": {"x": 4852, "y": 6115, "z": 14, "status": "unwalked", "town": "Brookfield", "center_lat": 41.450961, "center_lon": -73.377686}, "geometry": {"type": "Polygon", "coordinates": [[[-73.388672, 41.442726], [-73.366699, 41.442726], [-73.366699, 41.459195], [-73.388672, 41.459195], [-73.388672, 41.442726]]]}}, {"type": "Feature", "properties": {"x": 4852, "y": 6137, "z": 14, "status": "unwalked", "town": "Norwalk", "center_lat": 41.087632, "center_lon": -73.377686}, "geometry": {"type": "Polygon", "coordinates": [[[-73.388672, 41.079351], [-73.366699, 41.079351], [-73.366699, 41.095912], [-73.388672, 41.095912], [-73.388672, 41.079351]]]}}, {"type": "Feature", "properties": {"x": 4853, "y": 6079, "z": 14, "status": "unwalked", "town": "Salisbury", "center_lat": 42.041133, "center_lon": -73.355713}, "geometry": {"type": "Polygon", "coordinates": [[[-73.366699, 42.032974], [-73.344727, 42.032974], [-73.344727, 42.049293], [-73.366699, 42.049293], [-73.366699, 42.032974]]]}}, {"type": "Feature", "properties": {"x": 4853, "y": 6080, "z": 14, "status": "unwalked", "town": "Salisbury", "center_lat": 42.024813, "center_lon": -73.355713}, "geometry": {"type": "Polygon", "coordinates": [[[-73.366699, 42.016652], [-73.344727, 42.016652], [-73.344727, 42.032974], [-73.366699, 42.032974], [-73.366699, 42.016652]]]}}, {"type": "Feature", "properties": {"x": 4853, "y": 6085, "z": 14, "status": "unwalked", "town": "Canaan", "center_lat": 41.943148, "center_lon": -73.355713}, "geometry": {"type": "Polygon", "coordinates": [[[-73.366699, 41.934977], [-73.344727, 41.934977], [-73.344727, 41.95132], [-73.366699, 41.95132], [-73.366699, 41.934977]]]}}, {"type": "Feature", "properties": {"x": 4853, "y": 6090, "z": 14, "status": "unwalked", "town": "Cornwall", "center_lat": 41.861379, "center_lon": -73.355713}, "geometry": {"type": "Polygon", "coordinates": [[[-73.366699, 41.853196], [-73.344727, 41.853196], [-73.344727, 41.869561], [-73.366699, 41.869561], [-73.366699, 41.853196]]]}}, {"type": "Feature", "properties": {"x": 4853, "y": 6118, "z": 14, "status": "unwalked", "town": "Newtown", "center_lat": 41.401535, "center_lon": -73.355713}, "geometry": {"type": "Polygon", "coordinates": [[[-73.366699, 41.393294], [-73.344727, 41.393294], [-73.344727, 41.409776], [-73.366699, 41.409776], [-73.366699, 41.393294]]]}}, {"type": "Feature", "properties": {"x": 4853, "y": 6126, "z": 14, "status": "unwalked", "town": "Easton", "center_lat": 41.269549, "center_lon": -73.355713}, "geometry": {"type": "Polygon", "coordinates": [[[-73.366699, 41.261291], [-73.344727, 41.261291], [-73.344727, 41.277806], [-73.366699, 41.277806], [-73.366699, 41.261291]]]}}, {"type": "Feature", "properties": {"x": 4854, "y": 6127, "z": 14, "status": "unwalked", "town": "Easton", "center_lat": 41.253032, "center_lon": -73.33374}, "geometry": {"type": "Polygon", "coordinates": [[[-73.344727, 41.244772], [-73.322754, 41.244772], [-73.322754, 41.261291], [-73.344727, 41.261291], [-73.344727, 41.244772]]]}}, {"type": "Feature", "properties": {"x": 4855, "y": 6082, "z": 14, "status": "unwalked", "town": "Canaan", "center_lat": 41.99216, "center_lon": -73.311768}, "geometry": {"type": "Polygon", "coordinates": [[[-73.322754, 41.983994], [-73.300781, 41.983994], [-73.300781, 42.000325], [-73.322754, 42.000325], [-73.322754, 41.983994]]]}}, {"type": "Feature", "properties": {"x": 4855, "y": 6086, "z": 14, "status": "unwalked", "town": "Canaan", "center_lat": 41.926803, "center_lon": -73.311768}, "geometry": {"type": "Polygon", "coordinates": [[[-73.322754, 41.918629], [-73.300781, 41.918629], [-73.300781, 41.934977], [-73.322754, 41.934977], [-73.322754, 41.918629]]]}}, {"type": "Feature", "properties": {"x": 4855, "y": 6087, "z": 14, "status": "unwalked", "town": "Cornwall", "center_lat": 41.910453, "center_lon": -73.311768}, "geometry": {"type": "Polygon", "coordinates": [[[-73.322754, 41.902277], [-73.300781, 41.902277], [-73.300781, 41.918629], [-73.322754, 41.918629], [-73.322754, 41.902277]]]}}, {"type": "Feature", "properties": {"x": 4855, "y": 6096, "z": 14, "status": "unwalked", "town": "Warren", "center_lat": 41.763117, "center_lon": -73.311768}, "geometry": {"type": "Polygon", "coordinates": [[[-73.322754, 41.754922], [-73.300781, 41.754922], [-73.300781, 41.771312], [-73.322754, 41.771312], [-73.322754, 41.754922]]]}}, {"type": "Feature", "properties": {"x": 4855, "y": 6097, "z": 14, "status": "unwalked", "town": "Warren", "center_lat": 41.746725, "center_lon": -73.311768}, "geometry": {"type": "Polygon", "coordinates": [[[-73.322754, 41.738528], [-73.300781, 41.738528], [-73.300781, 41.754922], [-73.322754, 41.754922], [-73.322754, 41.738528]]]}}, {"type": "Feature", "properties": {"x": 4856, "y": 6086, "z": 14, "status": "unwalked", "town": "Canaan", "center_lat": 41.926803, "center_lon": -73.289795}, "geometry": {"type": "Polygon", "coordinates": [[[-73.300781, 41.918629], [-73.278809, 41.918629], [-73.278809, 41.934977], [-73.300781, 41.934977], [-73.300781, 41.918629]]]}}, {"type": "Feature", "properties": {"x": 4856, "y": 6097, "z": 14, "status": "unwalked", "town": "Litchfield", "center_lat": 41.746725, "center_lon": -73.289795}, "geometry": {"type": "Polygon", "coordinates": [[[-73.300781, 41.738528], [-73.278809, 41.738528], [-73.278809, 41.754922], [-73.300781, 41.754922], [-73.300781, 41.738528]]]}}, {"type": "Feature", "properties": {"x": 4856, "y": 6098, "z": 14, "status": "unwalked", "town": "Litchfield", "center_lat": 41.73033, "center_lon": -73.289795}, "geometry": {"type": "Polygon", "coordinates": [[[-73.300781, 41.722131], [-73.278809, 41.722131], [-73.278809, 41.738528], [-73.300781, 41.738528], [-73.300781, 41.722131]]]}}, {"type": "Feature", "properties": {"x": 4857, "y": 6105, "z": 14, "status": "unwalked", "town": "Washington", "center_lat": 41.615442, "center_lon": -73.267822}, "geometry": {"type": "Polygon", "coordinates": [[[-73.278809, 41.607228], [-73.256836, 41.607228], [-73.256836, 41.623655], [-73.278809, 41.623655], [-73.278809, 41.607228]]]}}, {"type": "Feature", "properties": {"x": 4858, "y": 6105, "z": 14, "status": "unwalked", "town": "Bethlehem", "center_lat": 41.615442, "center_lon": -73.24585}, "geometry": {"type": "Polygon", "coordinates": [[[-73.256836, 41.607228], [-73.234863, 41.607228], [-73.234863, 41.623655], [-73.256836, 41.623655], [-73.256836, 41.607228]]]}}, {"type": "Feature", "properties": {"x": 4858, "y": 6135, "z": 14, "status": "unwalked", "town": "Fairfield", "center_lat": 41.120745, "center_lon": -73.24585}, "geometry": {"type": "Polygon", "coordinates": [[[-73.256836, 41.112469], [-73.234863, 41.112469], [-73.234863, 41.129021], [-73.256836, 41.129021], [-73.256836, 41.112469]]]}}, {"type": "Feature", "properties": {"x": 4859, "y": 6080, "z": 14, "status": "unwalked", "town": "Norfolk", "center_lat": 42.024813, "center_lon": -73.223877}, "geometry": {"type": "Polygon", "coordinates": [[[-73.234863, 42.016652], [-73.212891, 42.016652], [-73.212891, 42.032974], [-73.234863, 42.032974], [-73.234863, 42.016652]]]}}, {"type": "Feature", "properties": {"x": 4859, "y": 6085, "z": 14, "status": "unwalked", "town": "Norfolk", "center_lat": 41.943148, "center_lon": -73.223877}, "geometry": {"type": "Polygon", "coordinates": [[[-73.234863, 41.934977], [-73.212891, 41.934977], [-73.212891, 41.95132], [-73.234863, 41.95132], [-73.234863, 41.934977]]]}}, {"type": "Feature", "properties": {"x": 4859, "y": 6086, "z": 14, "status": "unwalked", "town": "Norfolk", "center_lat": 41.926803, "center_lon": -73.223877}, "geometry": {"type": "Polygon", "coordinates": [[[-73.234863, 41.918629], [-73.212891, 41.918629], [-73.212891, 41.934977], [-73.234863, 41.934977], [-73.234863, 41.918629]]]}}, {"type": "Feature", "properties": {"x": 4859, "y": 6087, "z": 14, "status": "unwalked", "town": "Goshen", "center_lat": 41.910453, "center_lon": -73.223877}, "geometry": {"type": "Polygon", "coordinates": [[[-73.234863, 41.902277], [-73.212891, 41.902277], [-73.212891, 41.918629], [-73.234863, 41.918629], [-73.234863, 41.902277]]]}}, {"type": "Feature", "properties": {"x": 4859, "y": 6095, "z": 14, "status": "unwalked", "town": "Litchfield", "center_lat": 41.779504, "center_lon": -73.223877}, "geometry": {"type": "Polygon", "coordinates": [[[-73.234863, 41.771312], [-73.212891, 41.771312], [-73.212891, 41.787697], [-73.234863, 41.787697], [-73.234863, 41.771312]]]}}, {"type": "Feature", "properties": {"x": 4860, "y": 6090, "z": 14, "status": "unwalked", "town": "Goshen", "center_lat": 41.861379, "center_lon": -73.201904}, "geometry": {"type": "Polygon", "coordinates": [[[-73.212891, 41.853196], [-73.190918, 41.853196], [-73.190918, 41.869561], [-73.212891, 41.869561], [-73.212891, 41.853196]]]}}, {"type": "Feature", "properties": {"x": 4860, "y": 6102, "z": 14, "status": "unwalked", "town": "Bethlehem", "center_lat": 41.664705, "center_lon": -73.201904}, "geometry": {"type": "Polygon", "coordinates": [[[-73.212891, 41.656497], [-73.190918, 41.656497], [-73.190918, 41.672912], [-73.212891, 41.672912], [-73.212891, 41.656497]]]}}, {"type": "Feature", "properties": {"x": 4860, "y": 6107, "z": 14, "status": "unwalked", "town": "Woodbury", "center_lat": 41.582579, "center_lon": -73.201904}, "geometry": {"type": "Polygon", "coordinates": [[[-73.212891, 41.574361], [-73.190918, 41.574361], [-73.190918, 41.590797], [-73.212891, 41.590797], [-73.212891, 41.574361]]]}}, {"type": "Feature", "properties": {"x": 4861, "y": 6079, "z": 14, "status": "unwalked", "town": "Norfolk", "center_lat": 42.041133, "center_lon": -73.179932}, "geometry": {"type": "Polygon", "coordinates": [[[-73.190918, 42.032974], [-73.168945, 42.032974], [-73.168945, 42.049293], [-73.190918, 42.049293], [-73.190918, 42.032974]]]}}, {"type": "Feature", "properties": {"x": 4862, "y": 6079, "z": 14, "status": "unwalked", "town": "Norfolk", "center_lat": 42.041133, "center_lon": -73.157959}, "geometry": {"type": "Polygon", "coordinates": [[[-73.168945, 42.032974], [-73.146973, 42.032974], [-73.146973, 42.049293], [-73.168945, 42.049293], [-73.168945, 42.032974]]]}}, {"type": "Feature", "properties": {"x": 4863, "y": 6085, "z": 14, "status": "unwalked", "town": "Winchester", "center_lat": 41.943148, "center_lon": -73.135986}, "geometry": {"type": "Polygon", "coordinates": [[[-73.146973, 41.934977], [-73.125, 41.934977], [-73.125, 41.95132], [-73.146973, 41.95132], [-73.146973, 41.934977]]]}}, {"type": "Feature", "properties": {"x": 4863, "y": 6086, "z": 14, "status": "unwalked", "town": "Winchester", "center_lat": 41.926803, "center_lon": -73.135986}, "geometry": {"type": "Polygon", "coordinates": [[[-73.146973, 41.918629], [-73.125, 41.918629], [-73.125, 41.934977], [-73.146973, 41.934977], [-73.146973, 41.918629]]]}}, {"type": "Feature", "properties": {"x": 4864, "y": 6091, "z": 14, "status": "unwalked", "town": "Torrington", "center_lat": 41.845012, "center_lon": -73.114014}, "geometry": {"type": "Polygon", "coordinates": [[[-73.125, 41.836828], [-73.103027, 41.836828], [-73.103027, 41.853196], [-73.125, 41.853196], [-73.125, 41.836828]]]}}, {"type": "Feature", "properties": {"x": 4864, "y": 6099, "z": 14, "status": "unwalked", "town": "Litchfield", "center_lat": 41.71393, "center_lon": -73.114014}, "geometry": {"type": "Polygon", "coordinates": [[[-73.125, 41.705729], [-73.103027, 41.705729], [-73.103027, 41.722131], [-73.125, 41.722131], [-73.125, 41.705729]]]}}, {"type": "Feature", "properties": {"x": 4865, "y": 6087, "z": 14, "status": "unwalked", "town": "Winchester", "center_lat": 41.910453, "center_lon": -73.092041}, "geometry": {"type": "Polygon", "coordinates": [[[-73.103027, 41.902277], [-73.081055, 41.902277], [-73.081055, 41.918629], [-73.103027, 41.918629], [-73.103027, 41.902277]]]}}, {"type": "Feature", "properties": {"x": 4865, "y": 6088, "z": 14, "status": "unwalked", "town": "Winchester", "center_lat": 41.894099, "center_lon": -73.092041}, "geometry": {"type": "Polygon", "coordinates": [[[-73.103027, 41.885921], [-73.081055, 41.885921], [-73.081055, 41.902277], [-73.103027, 41.902277], [-73.103027, 41.885921]]]}}, {"type": "Feature", "properties": {"x": 4865, "y": 6133, "z": 14, "status": "unwalked", "town": "Stratford", "center_lat": 41.153842, "center_lon": -73.092041}, "geometry": {"type": "Polygon", "coordinates": [[[-73.103027, 41.14557], [-73.081055, 41.14557], [-73.081055, 41.162114], [-73.103027, 41.162114], [-73.103027, 41.14557]]]}}, {"type": "Feature", "properties": {"x": 4866, "y": 6079, "z": 14, "status": "unwalked", "town": "Colebrook", "center_lat": 42.041133, "center_lon": -73.070068}, "geometry": {"type": "Polygon", "coordinates": [[[-73.081055, 42.032974], [-73.059082, 42.032974], [-73.059082, 42.049293], [-73.081055, 42.049293], [-73.081055, 42.032974]]]}}, {"type": "Feature", "properties": {"x": 4866, "y": 6085, "z": 14, "status": "unwalked", "town": "Winchester", "center_lat": 41.943148, "center_lon": -73.070068}, "geometry": {"type": "Polygon", "coordinates": [[[-73.081055, 41.934977], [-73.059082, 41.934977], [-73.059082, 41.95132], [-73.081055, 41.95132], [-73.081055, 41.934977]]]}}, {"type": "Feature", "properties": {"x": 4866, "y": 6091, "z": 14, "status": "unwalked", "town": "Torrington", "center_lat": 41.845012, "center_lon": -73.070068}, "geometry": {"type": "Polygon", "coordinates": [[[-73.081055, 41.836828], [-73.059082, 41.836828], [-73.059082, 41.853196], [-73.081055, 41.853196], [-73.081055, 41.836828]]]}}, {"type": "Feature", "properties": {"x": 4867, "y": 6088, "z": 14, "status": "unwalked", "town": "Barkhamsted", "center_lat": 41.894099, "center_lon": -73.048096}, "geometry": {"type": "Polygon", "coordinates": [[[-73.059082, 41.885921], [-73.037109, 41.885921], [-73.037109, 41.902277], [-73.059082, 41.902277], [-73.059082, 41.885921]]]}}, {"type": "Feature", "properties": {"x": 4868, "y": 6086, "z": 14, "status": "unwalked", "town": "Barkhamsted", "center_lat": 41.926803, "center_lon": -73.026123}, "geometry": {"type": "Polygon", "coordinates": [[[-73.037109, 41.918629], [-73.015137, 41.918629], [-73.015137, 41.934977], [-73.037109, 41.934977], [-73.037109, 41.918629]]]}}, {"type": "Feature", "properties": {"x": 4868, "y": 6096, "z": 14, "status": "unwalked", "town": "Harwinton", "center_lat": 41.763117, "center_lon": -73.026123}, "geometry": {"type": "Polygon", "coordinates": [[[-73.037109, 41.754922], [-73.015137, 41.754922], [-73.015137, 41.771312], [-73.037109, 41.771312], [-73.037109, 41.754922]]]}}, {"type": "Feature", "properties": {"x": 4868, "y": 6099, "z": 14, "status": "unwalked", "town": "Harwinton", "center_lat": 41.71393, "center_lon": -73.026123}, "geometry": {"type": "Polygon", "coordinates": [[[-73.037109, 41.705729], [-73.015137, 41.705729], [-73.015137, 41.722131], [-73.037109, 41.722131], [-73.037109, 41.705729]]]}}, {"type": "Feature", "properties": {"x": 4868, "y": 6105, "z": 14, "status": "unwalked", "town": "Plymouth", "center_lat": 41.615442, "center_lon": -73.026123}, "geometry": {"type": "Polygon", "coordinates": [[[-73.037109, 41.607228], [-73.015137, 41.607228], [-73.015137, 41.623655], [-73.037109, 41.623655], [-73.037109, 41.607228]]]}}, {"type": "Feature", "properties": {"x": 4869, "y": 6097, "z": 14, "status": "unwalked", "town": "Burlington", "center_lat": 41.746725, "center_lon": -73.00415}, "geometry": {"type": "Polygon", "coordinates": [[[-73.015137, 41.738528], [-72.993164, 41.738528], [-72.993164, 41.754922], [-73.015137, 41.754922], [-73.015137, 41.738528]]]}}, {"type": "Feature", "properties": {"x": 4870, "y": 6079, "z": 14, "status": "unwalked", "town": "Hartland", "center_lat": 42.041133, "center_lon": -72.982178}, "geometry": {"type": "Polygon", "coordinates": [[[-72.993164, 42.032974], [-72.971191, 42.032974], [-72.971191, 42.049293], [-72.993164, 42.049293], [-72.993164, 42.032974]]]}}, {"type": "Feature", "properties": {"x": 4870, "y": 6080, "z": 14, "status": "unwalked", "town": "Hartland", "center_lat": 42.024813, "center_lon": -72.982178}, "geometry": {"type": "Polygon", "coordinates": [[[-72.993164, 42.016652], [-72.971191, 42.016652], [-72.971191, 42.032974], [-72.993164, 42.032974], [-72.993164, 42.016652]]]}}, {"type": "Feature", "properties": {"x": 4870, "y": 6090, "z": 14, "status": "unwalked", "town": "New Hartford", "center_lat": 41.861379, "center_lon": -72.982178}, "geometry": {"type": "Polygon", "coordinates": [[[-72.993164, 41.853196], [-72.971191, 41.853196], [-72.971191, 41.869561], [-72.993164, 41.869561], [-72.993164, 41.853196]]]}}, {"type": "Feature", "properties": {"x": 4871, "y": 6079, "z": 14, "status": "unwalked", "town": "Hartland", "center_lat": 42.041133, "center_lon": -72.960205}, "geometry": {"type": "Polygon", "coordinates": [[[-72.971191, 42.032974], [-72.949219, 42.032974], [-72.949219, 42.049293], [-72.971191, 42.049293], [-72.971191, 42.032974]]]}}, {"type": "Feature", "properties": {"x": 4871, "y": 6083, "z": 14, "status": "unwalked", "town": "Hartland", "center_lat": 41.975827, "center_lon": -72.960205}, "geometry": {"type": "Polygon", "coordinates": [[[-72.971191, 41.967659], [-72.949219, 41.967659], [-72.949219, 41.983994], [-72.971191, 41.983994], [-72.971191, 41.967659]]]}}, {"type": "Feature", "properties": {"x": 4871, "y": 6084, "z": 14, "status": "unwalked", "town": "Barkhamsted", "center_lat": 41.95949, "center_lon": -72.960205}, "geometry": {"type": "Polygon", "coordinates": [[[-72.971191, 41.95132], [-72.949219, 41.95132], [-72.949219, 41.967659], [-72.971191, 41.967659], [-72.971191, 41.95132]]]}}, {"type": "Feature", "properties": {"x": 4871, "y": 6092, "z": 14, "status": "unwalked", "town": "New Hartford", "center_lat": 41.828641, "center_lon": -72.960205}, "geometry": {"type": "Polygon", "coordinates": [[[-72.971191, 41.820455], [-72.949219, 41.820455], [-72.949219, 41.836828], [-72.971191, 41.836828], [-72.971191, 41.820455]]]}}, {"type": "Feature", "properties": {"x": 4871, "y": 6093, "z": 14, "status": "unwalked", "town": "New Hartford", "center_lat": 41.812267, "center_lon": -72.960205}, "geometry": {"type": "Polygon", "coordinates": [[[-72.971191, 41.804078], [-72.949219, 41.804078], [-72.949219, 41.820455], [-72.971191, 41.820455], [-72.971191, 41.804078]]]}}, {"type": "Feature", "properties": {"x": 4872, "y": 6093, "z": 14, "status": "unwalked", "town": "Canton", "center_lat": 41.812267, "center_lon": -72.938232}, "geometry": {"type": "Polygon", "coordinates": [[[-72.949219, 41.804078], [-72.927246, 41.804078], [-72.927246, 41.820455], [-72.949219, 41.820455], [-72.949219, 41.804078]]]}}, {"type": "Feature", "properties": {"x": 4872, "y": 6105, "z": 14, "status": "unwalked", "town": "Wolcott", "center_lat": 41.615442, "center_lon": -72.938232}, "geometry": {"type": "Polygon", "coordinates": [[[-72.949219, 41.607228], [-72.927246, 41.607228], [-72.927246, 41.623655], [-72.949219, 41.623655], [-72.949219, 41.607228]]]}}, {"type": "Feature", "properties": {"x": 4872, "y": 6106, "z": 14, "status": "unwalked", "town": "Wolcott", "center_lat": 41.599013, "center_lon": -72.938232}, "geometry": {"type": "Polygon", "coordinates": [[[-72.949219, 41.590797], [-72.927246, 41.590797], [-72.927246, 41.607228], [-72.949219, 41.607228], [-72.949219, 41.590797]]]}}, {"type": "Feature", "properties": {"x": 4872, "y": 6109, "z": 14, "status": "unwalked", "town": "Cheshire", "center_lat": 41.5497, "center_lon": -72.938232}, "geometry": {"type": "Polygon", "coordinates": [[[-72.949219, 41.541478], [-72.927246, 41.541478], [-72.927246, 41.557922], [-72.949219, 41.557922], [-72.949219, 41.541478]]]}}, {"type": "Feature", "properties": {"x": 4873, "y": 6087, "z": 14, "status": "unwalked", "town": "Barkhamsted", "center_lat": 41.910453, "center_lon": -72.91626}, "geometry": {"type": "Polygon", "coordinates": [[[-72.927246, 41.902277], [-72.905273, 41.902277], [-72.905273, 41.918629], [-72.927246, 41.918629], [-72.927246, 41.902277]]]}}, {"type": "Feature", "properties": {"x": 4873, "y": 6088, "z": 14, "status": "unwalked", "town": "Canton", "center_lat": 41.894099, "center_lon": -72.91626}, "geometry": {"type": "Polygon", "coordinates": [[[-72.927246, 41.885921], [-72.905273, 41.885921], [-72.905273, 41.902277], [-72.927246, 41.902277], [-72.927246, 41.885921]]]}}, {"type": "Feature", "properties": {"x": 4873, "y": 6096, "z": 14, "status": "unwalked", "town": "Burlington", "center_lat": 41.763117, "center_lon": -72.91626}, "geometry": {"type": "Polygon", "coordinates": [[[-72.927246, 41.754922], [-72.905273, 41.754922], [-72.905273, 41.771312], [-72.927246, 41.771312], [-72.927246, 41.754922]]]}}, {"type": "Feature", "properties": {"x": 4873, "y": 6097, "z": 14, "status": "unwalked", "town": "Burlington", "center_lat": 41.746725, "center_lon": -72.91626}, "geometry": {"type": "Polygon", "coordinates": [[[-72.927246, 41.738528], [-72.905273, 41.738528], [-72.905273, 41.754922], [-72.927246, 41.754922], [-72.927246, 41.738528]]]}}, {"type": "Feature", "properties": {"x": 4873, "y": 6101, "z": 14, "status": "unwalked", "town": "Bristol", "center_lat": 41.681117, "center_lon": -72.91626}, "geometry": {"type": "Polygon", "coordinates": [[[-72.927246, 41.672912], [-72.905273, 41.672912], [-72.905273, 41.689322], [-72.927246, 41.689322], [-72.927246, 41.672912]]]}}, {"type": "Feature", "properties": {"x": 4873, "y": 6102, "z": 14, "status": "unwalked", "town": "Bristol", "center_lat": 41.664705, "center_lon": -72.91626}, "geometry": {"type": "Polygon", "coordinates": [[[-72.927246, 41.656497], [-72.905273, 41.656497], [-72.905273, 41.672912], [-72.927246, 41.672912], [-72.927246, 41.656497]]]}}, {"type": "Feature", "properties": {"x": 4874, "y": 6094, "z": 14, "status": "unwalked", "town": "Avon", "center_lat": 41.795888, "center_lon": -72.894287}, "geometry": {"type": "Polygon", "coordinates": [[[-72.905273, 41.787697], [-72.883301, 41.787697], [-72.883301, 41.804078], [-72.905273, 41.804078], [-72.905273, 41.787697]]]}}, {"type": "Feature", "properties": {"x": 4874, "y": 6099, "z": 14, "status": "unwalked", "town": "Farmington", "center_lat": 41.71393, "center_lon": -72.894287}, "geometry": {"type": "Polygon", "coordinates": [[[-72.905273, 41.705729], [-72.883301, 41.705729], [-72.883301, 41.722131], [-72.905273, 41.722131], [-72.905273, 41.705729]]]}}, {"type": "Feature", "properties": {"x": 4874, "y": 6128, "z": 14, "status": "unwalked", "town": "East Haven", "center_lat": 41.236511, "center_lon": -72.894287}, "geometry": {"type": "Polygon", "coordinates": [[[-72.905273, 41.228249], [-72.883301, 41.228249], [-72.883301, 41.244772], [-72.905273, 41.244772], [-72.905273, 41.228249]]]}}, {"type": "Feature", "properties": {"x": 4875, "y": 6081, "z": 14, "status": "unwalked", "town": "Granby", "center_lat": 42.008488, "center_lon": -72.872314}, "geometry": {"type": "Polygon", "coordinates": [[[-72.883301, 42.000325], [-72.861328, 42.000325], [-72.861328, 42.016652], [-72.883301, 42.016652], [-72.883301, 42.000325]]]}}, {"type": "Feature", "properties": {"x": 4875, "y": 6085, "z": 14, "status": "unwalked", "town": "Granby", "center_lat": 41.943148, "center_lon": -72.872314}, "geometry": {"type": "Polygon", "coordinates": [[[-72.883301, 41.934977], [-72.861328, 41.934977], [-72.861328, 41.95132], [-72.883301, 41.95132], [-72.883301, 41.934977]]]}}, {"type": "Feature", "properties": {"x": 4875, "y": 6086, "z": 14, "status": "unwalked", "town": "Granby", "center_lat": 41.926803, "center_lon": -72.872314}, "geometry": {"type": "Polygon", "coordinates": [[[-72.883301, 41.918629], [-72.861328, 41.918629], [-72.861328, 41.934977], [-72.883301, 41.934977], [-72.883301, 41.918629]]]}}, {"type": "Feature", "properties": {"x": 4875, "y": 6087, "z": 14, "status": "unwalked", "town": "Simsbury", "center_lat": 41.910453, "center_lon": -72.872314}, "geometry": {"type": "Polygon", "coordinates": [[[-72.883301, 41.902277], [-72.861328, 41.902277], [-72.861328, 41.918629], [-72.883301, 41.918629], [-72.883301, 41.902277]]]}}, {"type": "Feature", "properties": {"x": 4875, "y": 6094, "z": 14, "status": "unwalked", "town": "Avon", "center_lat": 41.795888, "center_lon": -72.872314}, "geometry": {"type": "Polygon", "coordinates": [[[-72.883301, 41.787697], [-72.861328, 41.787697], [-72.861328, 41.804078], [-72.883301, 41.804078], [-72.883301, 41.787697]]]}}, {"type": "Feature", "properties": {"x": 4875, "y": 6095, "z": 14, "status": "unwalked", "town": "Avon", "center_lat": 41.779504, "center_lon": -72.872314}, "geometry": {"type": "Polygon", "coordinates": [[[-72.883301, 41.771312], [-72.861328, 41.771312], [-72.861328, 41.787697], [-72.883301, 41.787697], [-72.883301, 41.771312]]]}}, {"type": "Feature", "properties": {"x": 4875, "y": 6096, "z": 14, "status": "unwalked", "town": "Farmington", "center_lat": 41.763117, "center_lon": -72.872314}, "geometry": {"type": "Polygon", "coordinates": [[[-72.883301, 41.754922], [-72.861328, 41.754922], [-72.861328, 41.771312], [-72.883301, 41.771312], [-72.883301, 41.754922]]]}}, {"type": "Feature", "properties": {"x": 4875, "y": 6128, "z": 14, "status": "unwalked", "town": "East Haven", "center_lat": 41.236511, "center_lon": -72.872314}, "geometry": {"type": "Polygon", "coordinates": [[[-72.883301, 41.228249], [-72.861328, 41.228249], [-72.861328, 41.244772], [-72.883301, 41.244772], [-72.883301, 41.228249]]]}}, {"type": "Feature", "properties": {"x": 4876, "y": 6085, "z": 14, "status": "unwalked", "town": "Granby", "center_lat": 41.943148, "center_lon": -72.850342}, "geometry": {"type": "Polygon", "coordinates": [[[-72.861328, 41.934977], [-72.839355, 41.934977], [-72.839355, 41.95132], [-72.861328, 41.95132], [-72.861328, 41.934977]]]}}, {"type": "Feature", "properties": {"x": 4876, "y": 6086, "z": 14, "status": "unwalked", "town": "Granby", "center_lat": 41.926803, "center_lon": -72.850342}, "geometry": {"type": "Polygon", "coordinates": [[[-72.861328, 41.918629], [-72.839355, 41.918629], [-72.839355, 41.934977], [-72.861328, 41.934977], [-72.861328, 41.918629]]]}}, {"type": "Feature", "properties": {"x": 4876, "y": 6092, "z": 14, "status": "unwalked", "town": "Simsbury", "center_lat": 41.828641, "center_lon": -72.850342}, "geometry": {"type": "Polygon", "coordinates": [[[-72.861328, 41.820455], [-72.839355, 41.820455], [-72.839355, 41.836828], [-72.861328, 41.836828], [-72.861328, 41.820455]]]}}, {"type": "Feature", "properties": {"x": 4876, "y": 6093, "z": 14, "status": "unwalked", "town": "Avon", "center_lat": 41.812267, "center_lon": -72.850342}, "geometry": {"type": "Polygon", "coordinates": [[[-72.861328, 41.804078], [-72.839355, 41.804078], [-72.839355, 41.820455], [-72.861328, 41.820455], [-72.861328, 41.804078]]]}}, {"type": "Feature", "properties": {"x": 4876, "y": 6125, "z": 14, "status": "unwalked", "town": "Branford", "center_lat": 41.286062, "center_lon": -72.850342}, "geometry": {"type": "Polygon", "coordinates": [[[-72.861328, 41.277806], [-72.839355, 41.277806], [-72.839355, 41.294317], [-72.861328, 41.294317], [-72.861328, 41.277806]]]}}, {"type": "Feature", "properties": {"x": 4880, "y": 6079, "z": 14, "status": "unwalked", "town": "Suffield", "center_lat": 42.041133, "center_lon": -72.762451}, "geometry": {"type": "Polygon", "coordinates": [[[-72.773438, 42.032974], [-72.751465, 42.032974], [-72.751465, 42.049293], [-72.773438, 42.049293], [-72.773438, 42.032974]]]}}, {"type": "Feature", "properties": {"x": 4880, "y": 6094, "z": 14, "status": "unwalked", "town": "West Hartford", "center_lat": 41.795888, "center_lon": -72.762451}, "geometry": {"type": "Polygon", "coordinates": [[[-72.773438, 41.787697], [-72.751465, 41.787697], [-72.751465, 41.804078], [-72.773438, 41.804078], [-72.773438, 41.787697]]]}}, {"type": "Feature", "properties": {"x": 4880, "y": 6095, "z": 14, "status": "unwalked", "town": "West Hartford", "center_lat": 41.779504, "center_lon": -72.762451}, "geometry": {"type": "Polygon", "coordinates": [[[-72.773438, 41.771312], [-72.751465, 41.771312], [-72.751465, 41.787697], [-72.773438, 41.787697], [-72.773438, 41.771312]]]}}, {"type": "Feature", "properties": {"x": 4880, "y": 6099, "z": 14, "status": "unwalked", "town": "Newington", "center_lat": 41.71393, "center_lon": -72.762451}, "geometry": {"type": "Polygon", "coordinates": [[[-72.773438, 41.705729], [-72.751465, 41.705729], [-72.751465, 41.722131], [-72.773438, 41.722131], [-72.773438, 41.705729]]]}}, {"type": "Feature", "properties": {"x": 4881, "y": 6079, "z": 14, "status": "unwalked", "town": "Suffield", "center_lat": 42.041133, "center_lon": -72.740479}, "geometry": {"type": "Polygon", "coordinates": [[[-72.751465, 42.032974], [-72.729492, 42.032974], [-72.729492, 42.049293], [-72.751465, 42.049293], [-72.751465, 42.032974]]]}}, {"type": "Feature", "properties": {"x": 4881, "y": 6127, "z": 14, "status": "unwalked", "town": "Branford", "center_lat": 41.253032, "center_lon": -72.740479}, "geometry": {"type": "Polygon", "coordinates": [[[-72.751465, 41.244772], [-72.729492, 41.244772], [-72.729492, 41.261291], [-72.751465, 41.261291], [-72.751465, 41.244772]]]}}, {"type": "Feature", "properties": {"x": 4882, "y": 6086, "z": 14, "status": "unwalked", "town": "East Granby", "center_lat": 41.926803, "center_lon": -72.718506}, "geometry": {"type": "Polygon", "coordinates": [[[-72.729492, 41.918629], [-72.70752, 41.918629], [-72.70752, 41.934977], [-72.729492, 41.934977], [-72.729492, 41.918629]]]}}, {"type": "Feature", "properties": {"x": 4882, "y": 6087, "z": 14, "status": "unwalked", "town": "Windsor", "center_lat": 41.910453, "center_lon": -72.718506}, "geometry": {"type": "Polygon", "coordinates": [[[-72.729492, 41.902277], [-72.70752, 41.902277], [-72.70752, 41.918629], [-72.729492, 41.918629], [-72.729492, 41.902277]]]}}, {"type": "Feature", "properties": {"x": 4882, "y": 6088, "z": 14, "status": "unwalked", "town": "Windsor", "center_lat": 41.894099, "center_lon": -72.718506}, "geometry": {"type": "Polygon", "coordinates": [[[-72.729492, 41.885921], [-72.70752, 41.885921], [-72.70752, 41.902277], [-72.729492, 41.902277], [-72.729492, 41.885921]]]}}, {"type": "Feature", "properties": {"x": 4882, "y": 6097, "z": 14, "status": "unwalked", "town": "West Hartford", "center_lat": 41.746725, "center_lon": -72.718506}, "geometry": {"type": "Polygon", "coordinates": [[[-72.729492, 41.738528], [-72.70752, 41.738528], [-72.70752, 41.754922], [-72.729492, 41.754922], [-72.729492, 41.738528]]]}}, {"type": "Feature", "properties": {"x": 4882, "y": 6098, "z": 14, "status": "unwalked", "town": "West Hartford", "center_lat": 41.73033, "center_lon": -72.718506}, "geometry": {"type": "Polygon", "coordinates": [[[-72.729492, 41.722131], [-72.70752, 41.722131], [-72.70752, 41.738528], [-72.729492, 41.738528], [-72.729492, 41.722131]]]}}, {"type": "Feature", "properties": {"x": 4882, "y": 6127, "z": 14, "status": "unwalked", "town": "Guilford", "center_lat": 41.253032, "center_lon": -72.718506}, "geometry": {"type": "Polygon", "coordinates": [[[-72.729492, 41.244772], [-72.70752, 41.244772], [-72.70752, 41.261291], [-72.729492, 41.261291], [-72.729492, 41.244772]]]}}, {"type": "Feature", "properties": {"x": 4883, "y": 6084, "z": 14, "status": "unwalked", "town": "Suffield", "center_lat": 41.95949, "center_lon": -72.696533}, "geometry": {"type": "Polygon", "coordinates": [[[-72.70752, 41.95132], [-72.685547, 41.95132], [-72.685547, 41.967659], [-72.70752, 41.967659], [-72.70752, 41.95132]]]}}, {"type": "Feature", "properties": {"x": 4883, "y": 6085, "z": 14, "status": "unwalked", "town": "East Granby", "center_lat": 41.943148, "center_lon": -72.696533}, "geometry": {"type": "Polygon", "coordinates": [[[-72.70752, 41.934977], [-72.685547, 41.934977], [-72.685547, 41.95132], [-72.70752, 41.95132], [-72.70752, 41.934977]]]}}, {"type": "Feature", "properties": {"x": 4883, "y": 6086, "z": 14, "status": "unwalked", "town": "East Granby", "center_lat": 41.926803, "center_lon": -72.696533}, "geometry": {"type": "Polygon", "coordinates": [[[-72.70752, 41.918629], [-72.685547, 41.918629], [-72.685547, 41.934977], [-72.70752, 41.934977], [-72.70752, 41.918629]]]}}, {"type": "Feature", "properties": {"x": 4883, "y": 6087, "z": 14, "status": "unwalked", "town": "Windsor", "center_lat": 41.910453, "center_lon": -72.696533}, "geometry": {"type": "Polygon", "coordinates": [[[-72.70752, 41.902277], [-72.685547, 41.902277], [-72.685547, 41.918629], [-72.70752, 41.918629], [-72.70752, 41.902277]]]}}, {"type": "Feature", "properties": {"x": 4883, "y": 6094, "z": 14, "status": "unwalked", "town": "Hartford", "center_lat": 41.795888, "center_lon": -72.696533}, "geometry": {"type": "Polygon", "coordinates": [[[-72.70752, 41.787697], [-72.685547, 41.787697], [-72.685547, 41.804078], [-72.70752, 41.804078], [-72.70752, 41.787697]]]}}, {"type": "Feature", "properties": {"x": 4883, "y": 6127, "z": 14, "status": "unwalked", "town": "Guilford", "center_lat": 41.253032, "center_lon": -72.696533}, "geometry": {"type": "Polygon", "coordinates": [[[-72.70752, 41.244772], [-72.685547, 41.244772], [-72.685547, 41.261291], [-72.70752, 41.261291], [-72.70752, 41.244772]]]}}, {"type": "Feature", "properties": {"x": 4883, "y": 6128, "z": 14, "status": "unwalked", "town": "Guilford", "center_lat": 41.236511, "center_lon": -72.696533}, "geometry": {"type": "Polygon", "coordinates": [[[-72.70752, 41.228249], [-72.685547, 41.228249], [-72.685547, 41.244772], [-72.70752, 41.244772], [-72.70752, 41.228249]]]}}, {"type": "Feature", "properties": {"x": 4884, "y": 6084, "z": 14, "status": "unwalked", "town": "Suffield", "center_lat": 41.95949, "center_lon": -72.674561}, "geometry": {"type": "Polygon", "coordinates": [[[-72.685547, 41.95132], [-72.663574, 41.95132], [-72.663574, 41.967659], [-72.685547, 41.967659], [-72.685547, 41.95132]]]}}, {"type": "Feature", "properties": {"x": 4884, "y": 6092, "z": 14, "status": "unwalked", "town": "Windsor", "center_lat": 41.828641, "center_lon": -72.674561}, "geometry": {"type": "Polygon", "coordinates": [[[-72.685547, 41.820455], [-72.663574, 41.820455], [-72.663574, 41.836828], [-72.685547, 41.836828], [-72.685547, 41.820455]]]}}, {"type": "Feature", "properties": {"x": 4884, "y": 6093, "z": 14, "status": "unwalked", "town": "Windsor", "center_lat": 41.812267, "center_lon": -72.674561}, "geometry": {"type": "Polygon", "coordinates": [[[-72.685547, 41.804078], [-72.663574, 41.804078], [-72.663574, 41.820455], [-72.685547, 41.820455], [-72.685547, 41.804078]]]}}, {"type": "Feature", "properties": {"x": 4884, "y": 6127, "z": 14, "status": "unwalked", "town": "Guilford", "center_lat": 41.253032, "center_lon": -72.674561}, "geometry": {"type": "Polygon", "coordinates": [[[-72.685547, 41.244772], [-72.663574, 41.244772], [-72.663574, 41.261291], [-72.685547, 41.261291], [-72.685547, 41.244772]]]}}, {"type": "Feature", "properties": {"x": 4885, "y": 6086, "z": 14, "status": "unwalked", "town": "Windsor Locks", "center_lat": 41.926803, "center_lon": -72.652588}, "geometry": {"type": "Polygon", "coordinates": [[[-72.663574, 41.918629], [-72.641602, 41.918629], [-72.641602, 41.934977], [-72.663574, 41.934977], [-72.663574, 41.918629]]]}}, {"type": "Feature", "properties": {"x": 4885, "y": 6087, "z": 14, "status": "unwalked", "town": "Windsor Locks", "center_lat": 41.910453, "center_lon": -72.652588}, "geometry": {"type": "Polygon", "coordinates": [[[-72.663574, 41.902277], [-72.641602, 41.902277], [-72.641602, 41.918629], [-72.663574, 41.918629], [-72.663574, 41.902277]]]}}, {"type": "Feature", "properties": {"x": 4885, "y": 6092, "z": 14, "status": "unwalked", "town": "Windsor", "center_lat": 41.828641, "center_lon": -72.652588}, "geometry": {"type": "Polygon", "coordinates": [[[-72.663574, 41.820455], [-72.641602, 41.820455], [-72.641602, 41.836828], [-72.663574, 41.836828], [-72.663574, 41.820455]]]}}, {"type": "Feature", "properties": {"x": 4885, "y": 6098, "z": 14, "status": "unwalked", "town": "Hartford", "center_lat": 41.73033, "center_lon": -72.652588}, "geometry": {"type": "Polygon", "coordinates": [[[-72.663574, 41.722131], [-72.641602, 41.722131], [-72.641602, 41.738528], [-72.663574, 41.738528], [-72.663574, 41.722131]]]}}, {"type": "Feature", "properties": {"x": 4886, "y": 6084, "z": 14, "status": "unwalked", "town": "Suffield", "center_lat": 41.95949, "center_lon": -72.630615}, "geometry": {"type": "Polygon", "coordinates": [[[-72.641602, 41.95132], [-72.619629, 41.95132], [-72.619629, 41.967659], [-72.641602, 41.967659], [-72.641602, 41.95132]]]}}, {"type": "Feature", "properties": {"x": 4886, "y": 6098, "z": 14, "status": "unwalked", "town": "East Hartford", "center_lat": 41.73033, "center_lon": -72.630615}, "geometry": {"type": "Polygon", "coordinates": [[[-72.641602, 41.722131], [-72.619629, 41.722131], [-72.619629, 41.738528], [-72.641602, 41.738528], [-72.641602, 41.722131]]]}}, {"type": "Feature", "properties": {"x": 4887, "y": 6087, "z": 14, "status": "unwalked", "town": "East Windsor", "center_lat": 41.910453, "center_lon": -72.608643}, "geometry": {"type": "Polygon", "coordinates": [[[-72.619629, 41.902277], [-72.597656, 41.902277], [-72.597656, 41.918629], [-72.619629, 41.918629], [-72.619629, 41.902277]]]}}, {"type": "Feature", "properties": {"x": 4887, "y": 6088, "z": 14, "status": "unwalked", "town": "East Windsor", "center_lat": 41.894099, "center_lon": -72.608643}, "geometry": {"type": "Polygon", "coordinates": [[[-72.619629, 41.885921], [-72.597656, 41.885921], [-72.597656, 41.902277], [-72.619629, 41.902277], [-72.619629, 41.885921]]]}}, {"type": "Feature", "properties": {"x": 4888, "y": 6080, "z": 14, "status": "unwalked", "town": "Enfield", "center_lat": 42.024813, "center_lon": -72.58667}, "geometry": {"type": "Polygon", "coordinates": [[[-72.597656, 42.016652], [-72.575684, 42.016652], [-72.575684, 42.032974], [-72.597656, 42.032974], [-72.597656, 42.016652]]]}}, {"type": "Feature", "properties": {"x": 4888, "y": 6087, "z": 14, "status": "unwalked", "town": "East Windsor", "center_lat": 41.910453, "center_lon": -72.58667}, "geometry": {"type": "Polygon", "coordinates": [[[-72.597656, 41.902277], [-72.575684, 41.902277], [-72.575684, 41.918629], [-72.597656, 41.918629], [-72.597656, 41.902277]]]}}, {"type": "Feature", "properties": {"x": 4888, "y": 6090, "z": 14, "status": "unwalked", "town": "South Windsor", "center_lat": 41.861379, "center_lon": -72.58667}, "geometry": {"type": "Polygon", "coordinates": [[[-72.597656, 41.853196], [-72.575684, 41.853196], [-72.575684, 41.869561], [-72.597656, 41.869561], [-72.597656, 41.853196]]]}}, {"type": "Feature", "properties": {"x": 4888, "y": 6091, "z": 14, "status": "unwalked", "town": "South Windsor", "center_lat": 41.845012, "center_lon": -72.58667}, "geometry": {"type": "Polygon", "coordinates": [[[-72.597656, 41.836828], [-72.575684, 41.836828], [-72.575684, 41.853196], [-72.597656, 41.853196], [-72.597656, 41.836828]]]}}, {"type": "Feature", "properties": {"x": 4889, "y": 6089, "z": 14, "status": "unwalked", "town": "East Windsor", "center_lat": 41.877741, "center_lon": -72.564697}, "geometry": {"type": "Polygon", "coordinates": [[[-72.575684, 41.869561], [-72.553711, 41.869561], [-72.553711, 41.885921], [-72.575684, 41.885921], [-72.575684, 41.869561]]]}}, {"type": "Feature", "properties": {"x": 4889, "y": 6094, "z": 14, "status": "unwalked", "town": "Manchester", "center_lat": 41.795888, "center_lon": -72.564697}, "geometry": {"type": "Polygon", "coordinates": [[[-72.575684, 41.787697], [-72.553711, 41.787697], [-72.553711, 41.804078], [-72.575684, 41.804078], [-72.575684, 41.787697]]]}}, {"type": "Feature", "properties": {"x": 4889, "y": 6095, "z": 14, "status": "unwalked", "town": "Manchester", "center_lat": 41.779504, "center_lon": -72.564697}, "geometry": {"type": "Polygon", "coordinates": [[[-72.575684, 41.771312], [-72.553711, 41.771312], [-72.553711, 41.787697], [-72.575684, 41.787697], [-72.575684, 41.771312]]]}}, {"type": "Feature", "properties": {"x": 4890, "y": 6089, "z": 14, "status": "unwalked", "town": "East Windsor", "center_lat": 41.877741, "center_lon": -72.542725}, "geometry": {"type": "Polygon", "coordinates": [[[-72.553711, 41.869561], [-72.531738, 41.869561], [-72.531738, 41.885921], [-72.553711, 41.885921], [-72.553711, 41.869561]]]}}, {"type": "Feature", "properties": {"x": 4890, "y": 6093, "z": 14, "status": "unwalked", "town": "South Windsor", "center_lat": 41.812267, "center_lon": -72.542725}, "geometry": {"type": "Polygon", "coordinates": [[[-72.553711, 41.804078], [-72.531738, 41.804078], [-72.531738, 41.820455], [-72.553711, 41.820455], [-72.553711, 41.804078]]]}}, {"type": "Feature", "properties": {"x": 4890, "y": 6094, "z": 14, "status": "unwalked", "town": "Manchester", "center_lat": 41.795888, "center_lon": -72.542725}, "geometry": {"type": "Polygon", "coordinates": [[[-72.553711, 41.787697], [-72.531738, 41.787697], [-72.531738, 41.804078], [-72.553711, 41.804078], [-72.553711, 41.787697]]]}}, {"type": "Feature", "properties": {"x": 4890, "y": 6097, "z": 14, "status": "unwalked", "town": "Manchester", "center_lat": 41.746725, "center_lon": -72.542725}, "geometry": {"type": "Polygon", "coordinates": [[[-72.553711, 41.738528], [-72.531738, 41.738528], [-72.531738, 41.754922], [-72.553711, 41.754922], [-72.553711, 41.738528]]]}}, {"type": "Feature", "properties": {"x": 4890, "y": 6098, "z": 14, "status": "unwalked", "town": "Glastonbury", "center_lat": 41.73033, "center_lon": -72.542725}, "geometry": {"type": "Polygon", "coordinates": [[[-72.553711, 41.722131], [-72.531738, 41.722131], [-72.531738, 41.738528], [-72.553711, 41.738528], [-72.553711, 41.722131]]]}}, {"type": "Feature", "properties": {"x": 4891, "y": 6079, "z": 14, "status": "unwalked", "town": "Enfield", "center_lat": 42.041133, "center_lon": -72.520752}, "geometry": {"type": "Polygon", "coordinates": [[[-72.531738, 42.032974], [-72.509766, 42.032974], [-72.509766, 42.049293], [-72.531738, 42.049293], [-72.531738, 42.032974]]]}}, {"type": "Feature", "properties": {"x": 4891, "y": 6080, "z": 14, "status": "unwalked", "town": "Enfield", "center_lat": 42.024813, "center_lon": -72.520752}, "geometry": {"type": "Polygon", "coordinates": [[[-72.531738, 42.016652], [-72.509766, 42.016652], [-72.509766, 42.032974], [-72.531738, 42.032974], [-72.531738, 42.016652]]]}}, {"type": "Feature", "properties": {"x": 4891, "y": 6090, "z": 14, "status": "unwalked", "town": "South Windsor", "center_lat": 41.861379, "center_lon": -72.520752}, "geometry": {"type": "Polygon", "coordinates": [[[-72.531738, 41.853196], [-72.509766, 41.853196], [-72.509766, 41.869561], [-72.531738, 41.869561], [-72.531738, 41.853196]]]}}, {"type": "Feature", "properties": {"x": 4891, "y": 6091, "z": 14, "status": "unwalked", "town": "South Windsor", "center_lat": 41.845012, "center_lon": -72.520752}, "geometry": {"type": "Polygon", "coordinates": [[[-72.531738, 41.836828], [-72.509766, 41.836828], [-72.509766, 41.853196], [-72.531738, 41.853196], [-72.531738, 41.836828]]]}}, {"type": "Feature", "properties": {"x": 4891, "y": 6092, "z": 14, "status": "unwalked", "town": "South Windsor", "center_lat": 41.828641, "center_lon": -72.520752}, "geometry": {"type": "Polygon", "coordinates": [[[-72.531738, 41.820455], [-72.509766, 41.820455], [-72.509766, 41.836828], [-72.531738, 41.836828], [-72.531738, 41.820455]]]}}, {"type": "Feature", "properties": {"x": 4891, "y": 6094, "z": 14, "status": "unwalked", "town": "Manchester", "center_lat": 41.795888, "center_lon": -72.520752}, "geometry": {"type": "Polygon", "coordinates": [[[-72.531738, 41.787697], [-72.509766, 41.787697], [-72.509766, 41.804078], [-72.531738, 41.804078], [-72.531738, 41.787697]]]}}, {"type": "Feature", "properties": {"x": 4891, "y": 6097, "z": 14, "status": "unwalked", "town": "Manchester", "center_lat": 41.746725, "center_lon": -72.520752}, "geometry": {"type": "Polygon", "coordinates": [[[-72.531738, 41.738528], [-72.509766, 41.738528], [-72.509766, 41.754922], [-72.531738, 41.754922], [-72.531738, 41.738528]]]}}, {"type": "Feature", "properties": {"x": 4892, "y": 6086, "z": 14, "status": "unwalked", "town": "Ellington", "center_lat": 41.926803, "center_lon": -72.498779}, "geometry": {"type": "Polygon", "coordinates": [[[-72.509766, 41.918629], [-72.487793, 41.918629], [-72.487793, 41.934977], [-72.509766, 41.934977], [-72.509766, 41.918629]]]}}, {"type": "Feature", "properties": {"x": 4892, "y": 6095, "z": 14, "status": "unwalked", "town": "Manchester", "center_lat": 41.779504, "center_lon": -72.498779}, "geometry": {"type": "Polygon", "coordinates": [[[-72.509766, 41.771312], [-72.487793, 41.771312], [-72.487793, 41.787697], [-72.509766, 41.787697], [-72.509766, 41.771312]]]}}, {"type": "Feature", "properties": {"x": 4892, "y": 6097, "z": 14, "status": "unwalked", "town": "Manchester", "center_lat": 41.746725, "center_lon": -72.498779}, "geometry": {"type": "Polygon", "coordinates": [[[-72.509766, 41.738528], [-72.487793, 41.738528], [-72.487793, 41.754922], [-72.509766, 41.754922], [-72.509766, 41.738528]]]}}, {"type": "Feature", "properties": {"x": 4892, "y": 6115, "z": 14, "status": "unwalked", "town": "Haddam", "center_lat": 41.450961, "center_lon": -72.498779}, "geometry": {"type": "Polygon", "coordinates": [[[-72.509766, 41.442726], [-72.487793, 41.442726], [-72.487793, 41.459195], [-72.509766, 41.459195], [-72.509766, 41.442726]]]}}, {"type": "Feature", "properties": {"x": 4893, "y": 6079, "z": 14, "status": "unwalked", "town": "Somers", "center_lat": 42.041133, "center_lon": -72.476807}, "geometry": {"type": "Polygon", "coordinates": [[[-72.487793, 42.032974], [-72.46582, 42.032974], [-72.46582, 42.049293], [-72.487793, 42.049293], [-72.487793, 42.032974]]]}}, {"type": "Feature", "properties": {"x": 4893, "y": 6090, "z": 14, "status": "unwalked", "town": "Vernon", "center_lat": 41.861379, "center_lon": -72.476807}, "geometry": {"type": "Polygon", "coordinates": [[[-72.487793, 41.853196], [-72.46582, 41.853196], [-72.46582, 41.869561], [-72.487793, 41.869561], [-72.487793, 41.853196]]]}}, {"type": "Feature", "properties": {"x": 4893, "y": 6093, "z": 14, "status": "unwalked", "town": "Vernon", "center_lat": 41.812267, "center_lon": -72.476807}, "geometry": {"type": "Polygon", "coordinates": [[[-72.487793, 41.804078], [-72.46582, 41.804078], [-72.46582, 41.820455], [-72.487793, 41.820455], [-72.487793, 41.804078]]]}}, {"type": "Feature", "properties": {"x": 4893, "y": 6094, "z": 14, "status": "unwalked", "town": "Manchester", "center_lat": 41.795888, "center_lon": -72.476807}, "geometry": {"type": "Polygon", "coordinates": [[[-72.487793, 41.787697], [-72.46582, 41.787697], [-72.46582, 41.804078], [-72.487793, 41.804078], [-72.487793, 41.787697]]]}}, {"type": "Feature", "properties": {"x": 4893, "y": 6097, "z": 14, "status": "unwalked", "town": "Manchester", "center_lat": 41.746725, "center_lon": -72.476807}, "geometry": {"type": "Polygon", "coordinates": [[[-72.487793, 41.738528], [-72.46582, 41.738528], [-72.46582, 41.754922], [-72.487793, 41.754922], [-72.487793, 41.738528]]]}}, {"type": "Feature", "properties": {"x": 4893, "y": 6112, "z": 14, "status": "unwalked", "town": "East Haddam", "center_lat": 41.500349, "center_lon": -72.476807}, "geometry": {"type": "Polygon", "coordinates": [[[-72.487793, 41.492121], [-72.46582, 41.492121], [-72.46582, 41.508577], [-72.487793, 41.508577], [-72.487793, 41.492121]]]}}, {"type": "Feature", "properties": {"x": 4893, "y": 6117, "z": 14, "status": "unwalked", "town": "Chester", "center_lat": 41.418015, "center_lon": -72.476807}, "geometry": {"type": "Polygon", "coordinates": [[[-72.487793, 41.409776], [-72.46582, 41.409776], [-72.46582, 41.426253], [-72.487793, 41.426253], [-72.487793, 41.409776]]]}}, {"type": "Feature", "properties": {"x": 4894, "y": 6079, "z": 14, "status": "unwalked", "town": "Somers", "center_lat": 42.041133, "center_lon": -72.454834}, "geometry": {"type": "Polygon", "coordinates": [[[-72.46582, 42.032974], [-72.443848, 42.032974], [-72.443848, 42.049293], [-72.46582, 42.049293], [-72.46582, 42.032974]]]}}, {"type": "Feature", "properties": {"x": 4894, "y": 6085, "z": 14, "status": "unwalked", "town": "Ellington", "center_lat": 41.943148, "center_lon": -72.454834}, "geometry": {"type": "Polygon", "coordinates": [[[-72.46582, 41.934977], [-72.443848, 41.934977], [-72.443848, 41.95132], [-72.46582, 41.95132], [-72.46582, 41.934977]]]}}, {"type": "Feature", "properties": {"x": 4894, "y": 6089, "z": 14, "status": "unwalked", "town": "Ellington", "center_lat": 41.877741, "center_lon": -72.454834}, "geometry": {"type": "Polygon", "coordinates": [[[-72.46582, 41.869561], [-72.443848, 41.869561], [-72.443848, 41.885921], [-72.46582, 41.885921], [-72.46582, 41.869561]]]}}, {"type": "Feature", "properties": {"x": 4894, "y": 6090, "z": 14, "status": "unwalked", "town": "Vernon", "center_lat": 41.861379, "center_lon": -72.454834}, "geometry": {"type": "Polygon", "coordinates": [[[-72.46582, 41.853196], [-72.443848, 41.853196], [-72.443848, 41.869561], [-72.46582, 41.869561], [-72.46582, 41.853196]]]}}, {"type": "Feature", "properties": {"x": 4894, "y": 6091, "z": 14, "status": "unwalked", "town": "Vernon", "center_lat": 41.845012, "center_lon": -72.454834}, "geometry": {"type": "Polygon", "coordinates": [[[-72.46582, 41.836828], [-72.443848, 41.836828], [-72.443848, 41.853196], [-72.46582, 41.853196], [-72.46582, 41.836828]]]}}, {"type": "Feature", "properties": {"x": 4894, "y": 6099, "z": 14, "status": "unwalked", "town": "Hebron", "center_lat": 41.71393, "center_lon": -72.454834}, "geometry": {"type": "Polygon", "coordinates": [[[-72.46582, 41.705729], [-72.443848, 41.705729], [-72.443848, 41.722131], [-72.46582, 41.722131], [-72.46582, 41.705729]]]}}, {"type": "Feature", "properties": {"x": 4894, "y": 6106, "z": 14, "status": "unwalked", "town": "Marlborough", "center_lat": 41.599013, "center_lon": -72.454834}, "geometry": {"type": "Polygon", "coordinates": [[[-72.46582, 41.590797], [-72.443848, 41.590797], [-72.443848, 41.607228], [-72.46582, 41.607228], [-72.46582, 41.590797]]]}}, {"type": "Feature", "properties": {"x": 4894, "y": 6107, "z": 14, "status": "unwalked", "town": "Colchester", "center_lat": 41.582579, "center_lon": -72.454834}, "geometry": {"type": "Polygon", "coordinates": [[[-72.46582, 41.574361], [-72.443848, 41.574361], [-72.443848, 41.590797], [-72.46582, 41.590797], [-72.46582, 41.574361]]]}}, {"type": "Feature", "properties": {"x": 4894, "y": 6126, "z": 14, "status": "unwalked", "town": "Westbrook", "center_lat": 41.269549, "center_lon": -72.454834}, "geometry": {"type": "Polygon", "coordinates": [[[-72.46582, 41.261291], [-72.443848, 41.261291], [-72.443848, 41.277806], [-72.46582, 41.277806], [-72.46582, 41.261291]]]}}, {"type": "Feature", "properties": {"x": 4895, "y": 6084, "z": 14, "status": "unwalked", "town": "Somers", "center_lat": 41.95949, "center_lon": -72.432861}, "geometry": {"type": "Polygon", "coordinates": [[[-72.443848, 41.95132], [-72.421875, 41.95132], [-72.421875, 41.967659], [-72.443848, 41.967659], [-72.443848, 41.95132]]]}}, {"type": "Feature", "properties": {"x": 4895, "y": 6085, "z": 14, "status": "unwalked", "town": "Ellington", "center_lat": 41.943148, "center_lon": -72.432861}, "geometry": {"type": "Polygon", "coordinates": [[[-72.443848, 41.934977], [-72.421875, 41.934977], [-72.421875, 41.95132], [-72.443848, 41.95132], [-72.443848, 41.934977]]]}}, {"type": "Feature", "properties": {"x": 4895, "y": 6086, "z": 14, "status": "unwalked", "town": "Ellington", "center_lat": 41.926803, "center_lon": -72.432861}, "geometry": {"type": "Polygon", "coordinates": [[[-72.443848, 41.918629], [-72.421875, 41.918629], [-72.421875, 41.934977], [-72.443848, 41.934977], [-72.443848, 41.918629]]]}}, {"type": "Feature", "properties": {"x": 4895, "y": 6091, "z": 14, "status": "unwalked", "town": "Vernon", "center_lat": 41.845012, "center_lon": -72.432861}, "geometry": {"type": "Polygon", "coordinates": [[[-72.443848, 41.836828], [-72.421875, 41.836828], [-72.421875, 41.853196], [-72.443848, 41.853196], [-72.443848, 41.836828]]]}}, {"type": "Feature", "properties": {"x": 4895, "y": 6092, "z": 14, "status": "unwalked", "town": "Vernon", "center_lat": 41.828641, "center_lon": -72.432861}, "geometry": {"type": "Polygon", "coordinates": [[[-72.443848, 41.820455], [-72.421875, 41.820455], [-72.421875, 41.836828], [-72.443848, 41.836828], [-72.443848, 41.820455]]]}}, {"type": "Feature", "properties": {"x": 4895, "y": 6093, "z": 14, "status": "unwalked", "town": "Vernon", "center_lat": 41.812267, "center_lon": -72.432861}, "geometry": {"type": "Polygon", "coordinates": [[[-72.443848, 41.804078], [-72.421875, 41.804078], [-72.421875, 41.820455], [-72.443848, 41.820455], [-72.443848, 41.804078]]]}}, {"type": "Feature", "properties": {"x": 4895, "y": 6104, "z": 14, "status": "unwalked", "town": "Marlborough", "center_lat": 41.631867, "center_lon": -72.432861}, "geometry": {"type": "Polygon", "coordinates": [[[-72.443848, 41.623655], [-72.421875, 41.623655], [-72.421875, 41.640078], [-72.443848, 41.640078], [-72.443848, 41.623655]]]}}, {"type": "Feature", "properties": {"x": 4895, "y": 6111, "z": 14, "status": "unwalked", "town": "East Haddam", "center_lat": 41.516803, "center_lon": -72.432861}, "geometry": {"type": "Polygon", "coordinates": [[[-72.443848, 41.508577], [-72.421875, 41.508577], [-72.421875, 41.52503], [-72.443848, 41.52503], [-72.443848, 41.508577]]]}}, {"type": "Feature", "properties": {"x": 4896, "y": 6079, "z": 14, "status": "unwalked", "town": "Somers", "center_lat": 42.041133, "center_lon": -72.410889}, "geometry": {"type": "Polygon", "coordinates": [[[-72.421875, 42.032974], [-72.399902, 42.032974], [-72.399902, 42.049293], [-72.421875, 42.049293], [-72.421875, 42.032974]]]}}, {"type": "Feature", "properties": {"x": 4896, "y": 6085, "z": 14, "status": "unwalked", "town": "Ellington", "center_lat": 41.943148, "center_lon": -72.410889}, "geometry": {"type": "Polygon", "coordinates": [[[-72.421875, 41.934977], [-72.399902, 41.934977], [-72.399902, 41.95132], [-72.421875, 41.95132], [-72.421875, 41.934977]]]}}, {"type": "Feature", "properties": {"x": 4896, "y": 6091, "z": 14, "status": "unwalked", "town": "Tolland", "center_lat": 41.845012, "center_lon": -72.410889}, "geometry": {"type": "Polygon", "coordinates": [[[-72.421875, 41.836828], [-72.399902, 41.836828], [-72.399902, 41.853196], [-72.421875, 41.853196], [-72.421875, 41.836828]]]}}, {"type": "Feature", "properties": {"x": 4896, "y": 6093, "z": 14, "status": "unwalked", "town": "Coventry", "center_lat": 41.812267, "center_lon": -72.410889}, "geometry": {"type": "Polygon", "coordinates": [[[-72.421875, 41.804078], [-72.399902, 41.804078], [-72.399902, 41.820455], [-72.421875, 41.820455], [-72.421875, 41.804078]]]}}, {"type": "Feature", "properties": {"x": 4896, "y": 6104, "z": 14, "status": "unwalked", "town": "Hebron", "center_lat": 41.631867, "center_lon": -72.410889}, "geometry": {"type": "Polygon", "coordinates": [[[-72.421875, 41.623655], [-72.399902, 41.623655], [-72.399902, 41.640078], [-72.421875, 41.640078], [-72.421875, 41.623655]]]}}, {"type": "Feature", "properties": {"x": 4896, "y": 6105, "z": 14, "status": "unwalked", "town": "Marlborough", "center_lat": 41.615442, "center_lon": -72.410889}, "geometry": {"type": "Polygon", "coordinates": [[[-72.421875, 41.607228], [-72.399902, 41.607228], [-72.399902, 41.623655], [-72.421875, 41.623655], [-72.421875, 41.607228]]]}}, {"type": "Feature", "properties": {"x": 4896, "y": 6108, "z": 14, "status": "unwalked", "town": "Colchester", "center_lat": 41.566141, "center_lon": -72.410889}, "geometry": {"type": "Polygon", "coordinates": [[[-72.421875, 41.557922], [-72.399902, 41.557922], [-72.399902, 41.574361], [-72.421875, 41.574361], [-72.421875, 41.557922]]]}}, {"type": "Feature", "properties": {"x": 4896, "y": 6110, "z": 14, "status": "unwalked", "town": "Colchester", "center_lat": 41.533254, "center_lon": -72.410889}, "geometry": {"type": "Polygon", "coordinates": [[[-72.421875, 41.52503], [-72.399902, 41.52503], [-72.399902, 41.541478], [-72.421875, 41.541478], [-72.421875, 41.52503]]]}}, {"type": "Feature", "properties": {"x": 4896, "y": 6123, "z": 14, "status": "unwalked", "town": "Old Saybrook", "center_lat": 41.319075, "center_lon": -72.410889}, "geometry": {"type": "Polygon", "coordinates": [[[-72.421875, 41.310824], [-72.399902, 41.310824], [-72.399902, 41.327326], [-72.421875, 41.327326], [-72.421875, 41.310824]]]}}, {"type": "Feature", "properties": {"x": 4897, "y": 6079, "z": 14, "status": "unwalked", "town": "Stafford", "center_lat": 42.041133, "center_lon": -72.388916}, "geometry": {"type": "Polygon", "coordinates": [[[-72.399902, 42.032974], [-72.37793, 42.032974], [-72.37793, 42.049293], [-72.399902, 42.049293], [-72.399902, 42.032974]]]}}, {"type": "Feature", "properties": {"x": 4898, "y": 6080, "z": 14, "status": "unwalked", "town": "Stafford", "center_lat": 42.024813, "center_lon": -72.366943}, "geometry": {"type": "Polygon", "coordinates": [[[-72.37793, 42.016652], [-72.355957, 42.016652], [-72.355957, 42.032974], [-72.37793, 42.032974], [-72.37793, 42.016652]]]}}, {"type": "Feature", "properties": {"x": 4898, "y": 6081, "z": 14, "status": "unwalked", "town": "Stafford", "center_lat": 42.008488, "center_lon": -72.366943}, "geometry": {"type": "Polygon", "coordinates": [[[-72.37793, 42.000325], [-72.355957, 42.000325], [-72.355957, 42.016652], [-72.37793, 42.016652], [-72.37793, 42.000325]]]}}, {"type": "Feature", "properties": {"x": 4898, "y": 6111, "z": 14, "status": "unwalked", "town": "East Haddam", "center_lat": 41.516803, "center_lon": -72.366943}, "geometry": {"type": "Polygon", "coordinates": [[[-72.37793, 41.508577], [-72.355957, 41.508577], [-72.355957, 41.52503], [-72.37793, 41.52503], [-72.37793, 41.508577]]]}}, {"type": "Feature", "properties": {"x": 4898, "y": 6114, "z": 14, "status": "unwalked", "town": "East Haddam", "center_lat": 41.467428, "center_lon": -72.366943}, "geometry": {"type": "Polygon", "coordinates": [[[-72.37793, 41.459195], [-72.355957, 41.459195], [-72.355957, 41.47566], [-72.37793, 41.47566], [-72.37793, 41.459195]]]}}, {"type": "Feature", "properties": {"x": 4898, "y": 6115, "z": 14, "status": "unwalked", "town": "East Haddam", "center_lat": 41.450961, "center_lon": -72.366943}, "geometry": {"type": "Polygon", "coordinates": [[[-72.37793, 41.442726], [-72.355957, 41.442726], [-72.355957, 41.459195], [-72.37793, 41.459195], [-72.37793, 41.442726]]]}}, {"type": "Feature", "properties": {"x": 4898, "y": 6122, "z": 14, "status": "unwalked", "town": "Old Saybrook", "center_lat": 41.335575, "center_lon": -72.366943}, "geometry": {"type": "Polygon", "coordinates": [[[-72.37793, 41.327326], [-72.355957, 41.327326], [-72.355957, 41.343825], [-72.37793, 41.343825], [-72.37793, 41.327326]]]}}, {"type": "Feature", "properties": {"x": 4899, "y": 6081, "z": 14, "status": "unwalked", "town": "Stafford", "center_lat": 42.008488, "center_lon": -72.344971}, "geometry": {"type": "Polygon", "coordinates": [[[-72.355957, 42.000325], [-72.333984, 42.000325], [-72.333984, 42.016652], [-72.355957, 42.016652], [-72.355957, 42.000325]]]}}, {"type": "Feature", "properties": {"x": 4899, "y": 6082, "z": 14, "status": "unwalked", "town": "Stafford", "center_lat": 41.99216, "center_lon": -72.344971}, "geometry": {"type": "Polygon", "coordinates": [[[-72.355957, 41.983994], [-72.333984, 41.983994], [-72.333984, 42.000325], [-72.355957, 42.000325], [-72.355957, 41.983994]]]}}, {"type": "Feature", "properties": {"x": 4899, "y": 6097, "z": 14, "status": "unwalked", "town": "Andover", "center_lat": 41.746725, "center_lon": -72.344971}, "geometry": {"type": "Polygon", "coordinates": [[[-72.355957, 41.738528], [-72.333984, 41.738528], [-72.333984, 41.754922], [-72.355957, 41.754922], [-72.355957, 41.738528]]]}}, {"type": "Feature", "properties": {"x": 4900, "y": 6095, "z": 14, "status": "unwalked", "town": "Coventry", "center_lat": 41.779504, "center_lon": -72.322998}, "geometry": {"type": "Polygon", "coordinates": [[[-72.333984, 41.771312], [-72.312012, 41.771312], [-72.312012, 41.787697], [-72.333984, 41.787697], [-72.333984, 41.771312]]]}}, {"type": "Feature", "properties": {"x": 4900, "y": 6097, "z": 14, "status": "unwalked", "town": "Coventry", "center_lat": 41.746725, "center_lon": -72.322998}, "geometry": {"type": "Polygon", "coordinates": [[[-72.333984, 41.738528], [-72.312012, 41.738528], [-72.312012, 41.754922], [-72.333984, 41.754922], [-72.333984, 41.738528]]]}}, {"type": "Feature", "properties": {"x": 4900, "y": 6118, "z": 14, "status": "unwalked", "town": "Lyme", "center_lat": 41.401535, "center_lon": -72.322998}, "geometry": {"type": "Polygon", "coordinates": [[[-72.333984, 41.393294], [-72.312012, 41.393294], [-72.312012, 41.409776], [-72.333984, 41.409776], [-72.333984, 41.393294]]]}}, {"type": "Feature", "properties": {"x": 4901, "y": 6080, "z": 14, "status": "unwalked", "town": "Stafford", "center_lat": 42.024813, "center_lon": -72.301025}, "geometry": {"type": "Polygon", "coordinates": [[[-72.312012, 42.016652], [-72.290039, 42.016652], [-72.290039, 42.032974], [-72.312012, 42.032974], [-72.312012, 42.016652]]]}}, {"type": "Feature", "properties": {"x": 4901, "y": 6088, "z": 14, "status": "unwalked", "town": "Tolland", "center_lat": 41.894099, "center_lon": -72.301025}, "geometry": {"type": "Polygon", "coordinates": [[[-72.312012, 41.885921], [-72.290039, 41.885921], [-72.290039, 41.902277], [-72.312012, 41.902277], [-72.312012, 41.885921]]]}}, {"type": "Feature", "properties": {"x": 4901, "y": 6106, "z": 14, "status": "unwalked", "town": "Colchester", "center_lat": 41.599013, "center_lon": -72.301025}, "geometry": {"type": "Polygon", "coordinates": [[[-72.312012, 41.590797], [-72.290039, 41.590797], [-72.290039, 41.607228], [-72.312012, 41.607228], [-72.312012, 41.590797]]]}}, {"type": "Feature", "properties": {"x": 4901, "y": 6118, "z": 14, "status": "unwalked", "town": "Lyme", "center_lat": 41.401535, "center_lon": -72.301025}, "geometry": {"type": "Polygon", "coordinates": [[[-72.312012, 41.393294], [-72.290039, 41.393294], [-72.290039, 41.409776], [-72.312012, 41.409776], [-72.312012, 41.393294]]]}}, {"type": "Feature", "properties": {"x": 4901, "y": 6123, "z": 14, "status": "unwalked", "town": "Old Lyme", "center_lat": 41.319075, "center_lon": -72.301025}, "geometry": {"type": "Polygon", "coordinates": [[[-72.312012, 41.310824], [-72.290039, 41.310824], [-72.290039, 41.327326], [-72.312012, 41.327326], [-72.312012, 41.310824]]]}}, {"type": "Feature", "properties": {"x": 4902, "y": 6080, "z": 14, "status": "unwalked", "town": "Stafford", "center_lat": 42.024813, "center_lon": -72.279053}, "geometry": {"type": "Polygon", "coordinates": [[[-72.290039, 42.016652], [-72.268066, 42.016652], [-72.268066, 42.032974], [-72.290039, 42.032974], [-72.290039, 42.016652]]]}}, {"type": "Feature", "properties": {"x": 4902, "y": 6083, "z": 14, "status": "unwalked", "town": "Stafford", "center_lat": 41.975827, "center_lon": -72.279053}, "geometry": {"type": "Polygon", "coordinates": [[[-72.290039, 41.967659], [-72.268066, 41.967659], [-72.268066, 41.983994], [-72.290039, 41.983994], [-72.290039, 41.967659]]]}}, {"type": "Feature", "properties": {"x": 4902, "y": 6097, "z": 14, "status": "unwalked", "town": "Coventry", "center_lat": 41.746725, "center_lon": -72.279053}, "geometry": {"type": "Polygon", "coordinates": [[[-72.290039, 41.738528], [-72.268066, 41.738528], [-72.268066, 41.754922], [-72.290039, 41.754922], [-72.290039, 41.738528]]]}}, {"type": "Feature", "properties": {"x": 4902, "y": 6120, "z": 14, "status": "unwalked", "town": "Lyme", "center_lat": 41.368564, "center_lon": -72.279053}, "geometry": {"type": "Polygon", "coordinates": [[[-72.290039, 41.360319], [-72.268066, 41.360319], [-72.268066, 41.376809], [-72.290039, 41.376809], [-72.290039, 41.360319]]]}}, {"type": "Feature", "properties": {"x": 4902, "y": 6123, "z": 14, "status": "unwalked", "town": "Old Lyme", "center_lat": 41.319075, "center_lon": -72.279053}, "geometry": {"type": "Polygon", "coordinates": [[[-72.290039, 41.310824], [-72.268066, 41.310824], [-72.268066, 41.327326], [-72.290039, 41.327326], [-72.290039, 41.310824]]]}}, {"type": "Feature", "properties": {"x": 4903, "y": 6083, "z": 14, "status": "unwalked", "town": "Stafford", "center_lat": 41.975827, "center_lon": -72.25708}, "geometry": {"type": "Polygon", "coordinates": [[[-72.268066, 41.967659], [-72.246094, 41.967659], [-72.246094, 41.983994], [-72.268066, 41.983994], [-72.268066, 41.967659]]]}}, {"type": "Feature", "properties": {"x": 4903, "y": 6088, "z": 14, "status": "unwalked", "town": "Willington", "center_lat": 41.894099, "center_lon": -72.25708}, "geometry": {"type": "Polygon", "coordinates": [[[-72.268066, 41.885921], [-72.246094, 41.885921], [-72.246094, 41.902277], [-72.268066, 41.902277], [-72.268066, 41.885921]]]}}, {"type": "Feature", "properties": {"x": 4903, "y": 6097, "z": 14, "status": "unwalked", "town": "Mansfield", "center_lat": 41.746725, "center_lon": -72.25708}, "geometry": {"type": "Polygon", "coordinates": [[[-72.268066, 41.738528], [-72.246094, 41.738528], [-72.246094, 41.754922], [-72.268066, 41.754922], [-72.268066, 41.738528]]]}}, {"type": "Feature", "properties": {"x": 4903, "y": 6104, "z": 14, "status": "unwalked", "town": "Lebanon", "center_lat": 41.631867, "center_lon": -72.25708}, "geometry": {"type": "Polygon", "coordinates": [[[-72.268066, 41.623655], [-72.246094, 41.623655], [-72.246094, 41.640078], [-72.268066, 41.640078], [-72.268066, 41.623655]]]}}, {"type": "Feature", "properties": {"x": 4903, "y": 6109, "z": 14, "status": "unwalked", "town": "Colchester", "center_lat": 41.5497, "center_lon": -72.25708}, "geometry": {"type": "Polygon", "coordinates": [[[-72.268066, 41.541478], [-72.246094, 41.541478], [-72.246094, 41.557922], [-72.268066, 41.557922], [-72.268066, 41.541478]]]}}, {"type": "Feature", "properties": {"x": 4904, "y": 6081, "z": 14, "status": "unwalked", "town": "Stafford", "center_lat": 42.008488, "center_lon": -72.235107}, "geometry": {"type": "Polygon", "coordinates": [[[-72.246094, 42.000325], [-72.224121, 42.000325], [-72.224121, 42.016652], [-72.246094, 42.016652], [-72.246094, 42.000325]]]}}, {"type": "Feature", "properties": {"x": 4904, "y": 6092, "z": 14, "status": "unwalked", "town": "Mansfield", "center_lat": 41.828641, "center_lon": -72.235107}, "geometry": {"type": "Polygon", "coordinates": [[[-72.246094, 41.820455], [-72.224121, 41.820455], [-72.224121, 41.836828], [-72.246094, 41.836828], [-72.246094, 41.820455]]]}}, {"type": "Feature", "properties": {"x": 4904, "y": 6098, "z": 14, "status": "unwalked", "town": "Mansfield", "center_lat": 41.73033, "center_lon": -72.235107}, "geometry": {"type": "Polygon", "coordinates": [[[-72.246094, 41.722131], [-72.224121, 41.722131], [-72.224121, 41.738528], [-72.246094, 41.738528], [-72.246094, 41.722131]]]}}, {"type": "Feature", "properties": {"x": 4904, "y": 6107, "z": 14, "status": "unwalked", "town": "Lebanon", "center_lat": 41.582579, "center_lon": -72.235107}, "geometry": {"type": "Polygon", "coordinates": [[[-72.246094, 41.574361], [-72.224121, 41.574361], [-72.224121, 41.590797], [-72.246094, 41.590797], [-72.246094, 41.574361]]]}}, {"type": "Feature", "properties": {"x": 4904, "y": 6108, "z": 14, "status": "unwalked", "town": "Lebanon", "center_lat": 41.566141, "center_lon": -72.235107}, "geometry": {"type": "Polygon", "coordinates": [[[-72.246094, 41.557922], [-72.224121, 41.557922], [-72.224121, 41.574361], [-72.246094, 41.574361], [-72.246094, 41.557922]]]}}, {"type": "Feature", "properties": {"x": 4904, "y": 6114, "z": 14, "status": "unwalked", "town": "Salem", "center_lat": 41.467428, "center_lon": -72.235107}, "geometry": {"type": "Polygon", "coordinates": [[[-72.246094, 41.459195], [-72.224121, 41.459195], [-72.224121, 41.47566], [-72.246094, 41.47566], [-72.246094, 41.459195]]]}}, {"type": "Feature", "properties": {"x": 4904, "y": 6124, "z": 14, "status": "unwalked", "town": "East Lyme", "center_lat": 41.302571, "center_lon": -72.235107}, "geometry": {"type": "Polygon", "coordinates": [[[-72.246094, 41.294317], [-72.224121, 41.294317], [-72.224121, 41.310824], [-72.246094, 41.310824], [-72.246094, 41.294317]]]}}, {"type": "Feature", "properties": {"x": 4905, "y": 6080, "z": 14, "status": "unwalked", "town": "Stafford", "center_lat": 42.024813, "center_lon": -72.213135}, "geometry": {"type": "Polygon", "coordinates": [[[-72.224121, 42.016652], [-72.202148, 42.016652], [-72.202148, 42.032974], [-72.224121, 42.032974], [-72.224121, 42.016652]]]}}, {"type": "Feature", "properties": {"x": 4905, "y": 6091, "z": 14, "status": "unwalked", "town": "Ashford", "center_lat": 41.845012, "center_lon": -72.213135}, "geometry": {"type": "Polygon", "coordinates": [[[-72.224121, 41.836828], [-72.202148, 41.836828], [-72.202148, 41.853196], [-72.224121, 41.853196], [-72.224121, 41.836828]]]}}, {"type": "Feature", "properties": {"x": 4905, "y": 6098, "z": 14, "status": "unwalked", "town": "Mansfield", "center_lat": 41.73033, "center_lon": -72.213135}, "geometry": {"type": "Polygon", "coordinates": [[[-72.224121, 41.722131], [-72.202148, 41.722131], [-72.202148, 41.738528], [-72.224121, 41.738528], [-72.224121, 41.722131]]]}}, {"type": "Feature", "properties": {"x": 4905, "y": 6125, "z": 14, "status": "unwalked", "town": "East Lyme", "center_lat": 41.286062, "center_lon": -72.213135}, "geometry": {"type": "Polygon", "coordinates": [[[-72.224121, 41.277806], [-72.202148, 41.277806], [-72.202148, 41.294317], [-72.224121, 41.294317], [-72.224121, 41.277806]]]}}, {"type": "Feature", "properties": {"x": 4906, "y": 6085, "z": 14, "status": "unwalked", "town": "Ashford", "center_lat": 41.943148, "center_lon": -72.191162}, "geometry": {"type": "Polygon", "coordinates": [[[-72.202148, 41.934977], [-72.180176, 41.934977], [-72.180176, 41.95132], [-72.202148, 41.95132], [-72.202148, 41.934977]]]}}, {"type": "Feature", "properties": {"x": 4906, "y": 6097, "z": 14, "status": "unwalked", "town": "Mansfield", "center_lat": 41.746725, "center_lon": -72.191162}, "geometry": {"type": "Polygon", "coordinates": [[[-72.202148, 41.738528], [-72.180176, 41.738528], [-72.180176, 41.754922], [-72.202148, 41.754922], [-72.202148, 41.738528]]]}}, {"type": "Feature", "properties": {"x": 4906, "y": 6102, "z": 14, "status": "unwalked", "town": "Lebanon", "center_lat": 41.664705, "center_lon": -72.191162}, "geometry": {"type": "Polygon", "coordinates": [[[-72.202148, 41.656497], [-72.180176, 41.656497], [-72.180176, 41.672912], [-72.202148, 41.672912], [-72.202148, 41.656497]]]}}, {"type": "Feature", "properties": {"x": 4906, "y": 6104, "z": 14, "status": "unwalked", "town": "Lebanon", "center_lat": 41.631867, "center_lon": -72.191162}, "geometry": {"type": "Polygon", "coordinates": [[[-72.202148, 41.623655], [-72.180176, 41.623655], [-72.180176, 41.640078], [-72.202148, 41.640078], [-72.202148, 41.623655]]]}}, {"type": "Feature", "properties": {"x": 4906, "y": 6105, "z": 14, "status": "unwalked", "town": "Lebanon", "center_lat": 41.615442, "center_lon": -72.191162}, "geometry": {"type": "Polygon", "coordinates": [[[-72.202148, 41.607228], [-72.180176, 41.607228], [-72.180176, 41.623655], [-72.202148, 41.623655], [-72.202148, 41.607228]]]}}, {"type": "Feature", "properties": {"x": 4906, "y": 6112, "z": 14, "status": "unwalked", "town": "Montville", "center_lat": 41.500349, "center_lon": -72.191162}, "geometry": {"type": "Polygon", "coordinates": [[[-72.202148, 41.492121], [-72.180176, 41.492121], [-72.180176, 41.508577], [-72.202148, 41.508577], [-72.202148, 41.492121]]]}}, {"type": "Feature", "properties": {"x": 4907, "y": 6096, "z": 14, "status": "unwalked", "town": "Mansfield", "center_lat": 41.763117, "center_lon": -72.169189}, "geometry": {"type": "Polygon", "coordinates": [[[-72.180176, 41.754922], [-72.158203, 41.754922], [-72.158203, 41.771312], [-72.180176, 41.771312], [-72.180176, 41.754922]]]}}, {"type": "Feature", "properties": {"x": 4907, "y": 6105, "z": 14, "status": "unwalked", "town": "Franklin", "center_lat": 41.615442, "center_lon": -72.169189}, "geometry": {"type": "Polygon", "coordinates": [[[-72.180176, 41.607228], [-72.158203, 41.607228], [-72.158203, 41.623655], [-72.180176, 41.623655], [-72.180176, 41.607228]]]}}, {"type": "Feature", "properties": {"x": 4908, "y": 6088, "z": 14, "status": "unwalked", "town": "Ashford", "center_lat": 41.894099, "center_lon": -72.147217}, "geometry": {"type": "Polygon", "coordinates": [[[-72.158203, 41.885921], [-72.13623, 41.885921], [-72.13623, 41.902277], [-72.158203, 41.902277], [-72.158203, 41.885921]]]}}, {"type": "Feature", "properties": {"x": 4908, "y": 6091, "z": 14, "status": "unwalked", "town": "Ashford", "center_lat": 41.845012, "center_lon": -72.147217}, "geometry": {"type": "Polygon", "coordinates": [[[-72.158203, 41.836828], [-72.13623, 41.836828], [-72.13623, 41.853196], [-72.158203, 41.853196], [-72.158203, 41.836828]]]}}, {"type": "Feature", "properties": {"x": 4908, "y": 6092, "z": 14, "status": "unwalked", "town": "Chaplin", "center_lat": 41.828641, "center_lon": -72.147217}, "geometry": {"type": "Polygon", "coordinates": [[[-72.158203, 41.820455], [-72.13623, 41.820455], [-72.13623, 41.836828], [-72.158203, 41.836828], [-72.158203, 41.820455]]]}}, {"type": "Feature", "properties": {"x": 4909, "y": 6084, "z": 14, "status": "unwalked", "town": "Union", "center_lat": 41.95949, "center_lon": -72.125244}, "geometry": {"type": "Polygon", "coordinates": [[[-72.13623, 41.95132], [-72.114258, 41.95132], [-72.114258, 41.967659], [-72.13623, 41.967659], [-72.13623, 41.95132]]]}}, {"type": "Feature", "properties": {"x": 4909, "y": 6088, "z": 14, "status": "unwalked", "town": "Ashford", "center_lat": 41.894099, "center_lon": -72.125244}, "geometry": {"type": "Polygon", "coordinates": [[[-72.13623, 41.885921], [-72.114258, 41.885921], [-72.114258, 41.902277], [-72.13623, 41.902277], [-72.13623, 41.885921]]]}}, {"type": "Feature", "properties": {"x": 4909, "y": 6103, "z": 14, "status": "unwalked", "town": "Franklin", "center_lat": 41.648288, "center_lon": -72.125244}, "geometry": {"type": "Polygon", "coordinates": [[[-72.13623, 41.640078], [-72.114258, 41.640078], [-72.114258, 41.656497], [-72.13623, 41.656497], [-72.13623, 41.640078]]]}}, {"type": "Feature", "properties": {"x": 4909, "y": 6109, "z": 14, "status": "unwalked", "town": "Norwich", "center_lat": 41.5497, "center_lon": -72.125244}, "geometry": {"type": "Polygon", "coordinates": [[[-72.13623, 41.541478], [-72.114258, 41.541478], [-72.114258, 41.557922], [-72.13623, 41.557922], [-72.13623, 41.541478]]]}}, {"type": "Feature", "properties": {"x": 4909, "y": 6110, "z": 14, "status": "unwalked", "town": "Norwich", "center_lat": 41.533254, "center_lon": -72.125244}, "geometry": {"type": "Polygon", "coordinates": [[[-72.13623, 41.52503], [-72.114258, 41.52503], [-72.114258, 41.541478], [-72.13623, 41.541478], [-72.13623, 41.52503]]]}}, {"type": "Feature", "properties": {"x": 4910, "y": 6088, "z": 14, "status": "unwalked", "town": "Eastford", "center_lat": 41.894099, "center_lon": -72.103271}, "geometry": {"type": "Polygon", "coordinates": [[[-72.114258, 41.885921], [-72.092285, 41.885921], [-72.092285, 41.902277], [-72.114258, 41.902277], [-72.114258, 41.885921]]]}}, {"type": "Feature", "properties": {"x": 4910, "y": 6098, "z": 14, "status": "unwalked", "town": "Scotland", "center_lat": 41.73033, "center_lon": -72.103271}, "geometry": {"type": "Polygon", "coordinates": [[[-72.114258, 41.722131], [-72.092285, 41.722131], [-72.092285, 41.738528], [-72.114258, 41.738528], [-72.114258, 41.722131]]]}}, {"type": "Feature", "properties": {"x": 4910, "y": 6099, "z": 14, "status": "unwalked", "town": "Scotland", "center_lat": 41.71393, "center_lon": -72.103271}, "geometry": {"type": "Polygon", "coordinates": [[[-72.114258, 41.705729], [-72.092285, 41.705729], [-72.092285, 41.722131], [-72.114258, 41.722131], [-72.114258, 41.705729]]]}}, {"type": "Feature", "properties": {"x": 4910, "y": 6104, "z": 14, "status": "unwalked", "town": "Sprague", "center_lat": 41.631867, "center_lon": -72.103271}, "geometry": {"type": "Polygon", "coordinates": [[[-72.114258, 41.623655], [-72.092285, 41.623655], [-72.092285, 41.640078], [-72.114258, 41.640078], [-72.114258, 41.623655]]]}}, {"type": "Feature", "properties": {"x": 4911, "y": 6092, "z": 14, "status": "unwalked", "town": "Hampton", "center_lat": 41.828641, "center_lon": -72.081299}, "geometry": {"type": "Polygon", "coordinates": [[[-72.092285, 41.820455], [-72.070312, 41.820455], [-72.070312, 41.836828], [-72.092285, 41.836828], [-72.092285, 41.820455]]]}}, {"type": "Feature", "properties": {"x": 4912, "y": 6109, "z": 14, "status": "unwalked", "town": "Norwich", "center_lat": 41.5497, "center_lon": -72.059326}, "geometry": {"type": "Polygon", "coordinates": [[[-72.070312, 41.541478], [-72.04834, 41.541478], [-72.04834, 41.557922], [-72.070312, 41.557922], [-72.070312, 41.541478]]]}}, {"type": "Feature", "properties": {"x": 4912, "y": 6111, "z": 14, "status": "unwalked", "town": "Norwich", "center_lat": 41.516803, "center_lon": -72.059326}, "geometry": {"type": "Polygon", "coordinates": [[[-72.070312, 41.508577], [-72.04834, 41.508577], [-72.04834, 41.52503], [-72.070312, 41.52503], [-72.070312, 41.508577]]]}}, {"type": "Feature", "properties": {"x": 4913, "y": 6093, "z": 14, "status": "unwalked", "town": "Hampton", "center_lat": 41.812267, "center_lon": -72.037354}, "geometry": {"type": "Polygon", "coordinates": [[[-72.04834, 41.804078], [-72.026367, 41.804078], [-72.026367, 41.820455], [-72.04834, 41.820455], [-72.04834, 41.804078]]]}}, {"type": "Feature", "properties": {"x": 4913, "y": 6098, "z": 14, "status": "unwalked", "town": "Canterbury", "center_lat": 41.73033, "center_lon": -72.037354}, "geometry": {"type": "Polygon", "coordinates": [[[-72.04834, 41.722131], [-72.026367, 41.722131], [-72.026367, 41.738528], [-72.04834, 41.738528], [-72.04834, 41.722131]]]}}, {"type": "Feature", "properties": {"x": 4913, "y": 6099, "z": 14, "status": "unwalked", "town": "Canterbury", "center_lat": 41.71393, "center_lon": -72.037354}, "geometry": {"type": "Polygon", "coordinates": [[[-72.04834, 41.705729], [-72.026367, 41.705729], [-72.026367, 41.722131], [-72.04834, 41.722131], [-72.04834, 41.705729]]]}}, {"type": "Feature", "properties": {"x": 4913, "y": 6100, "z": 14, "status": "unwalked", "town": "Canterbury", "center_lat": 41.697525, "center_lon": -72.037354}, "geometry": {"type": "Polygon", "coordinates": [[[-72.04834, 41.689322], [-72.026367, 41.689322], [-72.026367, 41.705729], [-72.04834, 41.705729], [-72.04834, 41.689322]]]}}, {"type": "Feature", "properties": {"x": 4913, "y": 6103, "z": 14, "status": "unwalked", "town": "Canterbury", "center_lat": 41.648288, "center_lon": -72.037354}, "geometry": {"type": "Polygon", "coordinates": [[[-72.04834, 41.640078], [-72.026367, 41.640078], [-72.026367, 41.656497], [-72.04834, 41.656497], [-72.04834, 41.640078]]]}}, {"type": "Feature", "properties": {"x": 4913, "y": 6108, "z": 14, "status": "unwalked", "town": "Lisbon", "center_lat": 41.566141, "center_lon": -72.037354}, "geometry": {"type": "Polygon", "coordinates": [[[-72.04834, 41.557922], [-72.026367, 41.557922], [-72.026367, 41.574361], [-72.04834, 41.574361], [-72.04834, 41.557922]]]}}, {"type": "Feature", "properties": {"x": 4914, "y": 6086, "z": 14, "status": "unwalked", "town": "Woodstock", "center_lat": 41.926803, "center_lon": -72.015381}, "geometry": {"type": "Polygon", "coordinates": [[[-72.026367, 41.918629], [-72.004395, 41.918629], [-72.004395, 41.934977], [-72.026367, 41.934977], [-72.026367, 41.918629]]]}}, {"type": "Feature", "properties": {"x": 4914, "y": 6087, "z": 14, "status": "unwalked", "town": "Pomfret", "center_lat": 41.910453, "center_lon": -72.015381}, "geometry": {"type": "Polygon", "coordinates": [[[-72.026367, 41.902277], [-72.004395, 41.902277], [-72.004395, 41.918629], [-72.026367, 41.918629], [-72.026367, 41.902277]]]}}, {"type": "Feature", "properties": {"x": 4914, "y": 6108, "z": 14, "status": "unwalked", "town": "Lisbon", "center_lat": 41.566141, "center_lon": -72.015381}, "geometry": {"type": "Polygon", "coordinates": [[[-72.026367, 41.557922], [-72.004395, 41.557922], [-72.004395, 41.574361], [-72.026367, 41.574361], [-72.026367, 41.557922]]]}}, {"type": "Feature", "properties": {"x": 4914, "y": 6113, "z": 14, "status": "unwalked", "town": "Ledyard", "center_lat": 41.483891, "center_lon": -72.015381}, "geometry": {"type": "Polygon", "coordinates": [[[-72.026367, 41.47566], [-72.004395, 41.47566], [-72.004395, 41.492121], [-72.026367, 41.492121], [-72.026367, 41.47566]]]}}, {"type": "Feature", "properties": {"x": 4914, "y": 6116, "z": 14, "status": "unwalked", "town": "Ledyard", "center_lat": 41.43449, "center_lon": -72.015381}, "geometry": {"type": "Polygon", "coordinates": [[[-72.026367, 41.426253], [-72.004395, 41.426253], [-72.004395, 41.442726], [-72.026367, 41.442726], [-72.026367, 41.426253]]]}}, {"type": "Feature", "properties": {"x": 4915, "y": 6093, "z": 14, "status": "unwalked", "town": "Pomfret", "center_lat": 41.812267, "center_lon": -71.993408}, "geometry": {"type": "Polygon", "coordinates": [[[-72.004395, 41.804078], [-71.982422, 41.804078], [-71.982422, 41.820455], [-72.004395, 41.820455], [-72.004395, 41.804078]]]}}, {"type": "Feature", "properties": {"x": 4915, "y": 6097, "z": 14, "status": "unwalked", "town": "Canterbury", "center_lat": 41.746725, "center_lon": -71.993408}, "geometry": {"type": "Polygon", "coordinates": [[[-72.004395, 41.738528], [-71.982422, 41.738528], [-71.982422, 41.754922], [-72.004395, 41.754922], [-72.004395, 41.738528]]]}}, {"type": "Feature", "properties": {"x": 4915, "y": 6102, "z": 14, "status": "unwalked", "town": "Canterbury", "center_lat": 41.664705, "center_lon": -71.993408}, "geometry": {"type": "Polygon", "coordinates": [[[-72.004395, 41.656497], [-71.982422, 41.656497], [-71.982422, 41.672912], [-72.004395, 41.672912], [-72.004395, 41.656497]]]}}, {"type": "Feature", "properties": {"x": 4915, "y": 6113, "z": 14, "status": "unwalked", "town": "Ledyard", "center_lat": 41.483891, "center_lon": -71.993408}, "geometry": {"type": "Polygon", "coordinates": [[[-72.004395, 41.47566], [-71.982422, 41.47566], [-71.982422, 41.492121], [-72.004395, 41.492121], [-72.004395, 41.47566]]]}}, {"type": "Feature", "properties": {"x": 4915, "y": 6114, "z": 14, "status": "unwalked", "town": "Ledyard", "center_lat": 41.467428, "center_lon": -71.993408}, "geometry": {"type": "Polygon", "coordinates": [[[-72.004395, 41.459195], [-71.982422, 41.459195], [-71.982422, 41.47566], [-72.004395, 41.47566], [-72.004395, 41.459195]]]}}, {"type": "Feature", "properties": {"x": 4916, "y": 6096, "z": 14, "status": "unwalked", "town": "Brooklyn", "center_lat": 41.763117, "center_lon": -71.971436}, "geometry": {"type": "Polygon", "coordinates": [[[-71.982422, 41.754922], [-71.960449, 41.754922], [-71.960449, 41.771312], [-71.982422, 41.771312], [-71.982422, 41.754922]]]}}, {"type": "Feature", "properties": {"x": 4916, "y": 6104, "z": 14, "status": "unwalked", "town": "Griswold", "center_lat": 41.631867, "center_lon": -71.971436}, "geometry": {"type": "Polygon", "coordinates": [[[-71.982422, 41.623655], [-71.960449, 41.623655], [-71.960449, 41.640078], [-71.982422, 41.640078], [-71.982422, 41.623655]]]}}, {"type": "Feature", "properties": {"x": 4916, "y": 6109, "z": 14, "status": "unwalked", "town": "Preston", "center_lat": 41.5497, "center_lon": -71.971436}, "geometry": {"type": "Polygon", "coordinates": [[[-71.982422, 41.541478], [-71.960449, 41.541478], [-71.960449, 41.557922], [-71.982422, 41.557922], [-71.982422, 41.541478]]]}}, {"type": "Feature", "properties": {"x": 4916, "y": 6117, "z": 14, "status": "unwalked", "town": "Ledyard", "center_lat": 41.418015, "center_lon": -71.971436}, "geometry": {"type": "Polygon", "coordinates": [[[-71.982422, 41.409776], [-71.960449, 41.409776], [-71.960449, 41.426253], [-71.982422, 41.426253], [-71.982422, 41.409776]]]}}, {"type": "Feature", "properties": {"x": 4916, "y": 6123, "z": 14, "status": "unwalked", "town": "Stonington", "center_lat": 41.319075, "center_lon": -71.971436}, "geometry": {"type": "Polygon", "coordinates": [[[-71.982422, 41.310824], [-71.960449, 41.310824], [-71.960449, 41.327326], [-71.982422, 41.327326], [-71.982422, 41.310824]]]}}, {"type": "Feature", "properties": {"x": 4917, "y": 6098, "z": 14, "status": "unwalked", "town": "Canterbury", "center_lat": 41.73033, "center_lon": -71.949463}, "geometry": {"type": "Polygon", "coordinates": [[[-71.960449, 41.722131], [-71.938477, 41.722131], [-71.938477, 41.738528], [-71.960449, 41.738528], [-71.960449, 41.722131]]]}}, {"type": "Feature", "properties": {"x": 4917, "y": 6115, "z": 14, "status": "unwalked", "town": "Ledyard", "center_lat": 41.450961, "center_lon": -71.949463}, "geometry": {"type": "Polygon", "coordinates": [[[-71.960449, 41.442726], [-71.938477, 41.442726], [-71.938477, 41.459195], [-71.960449, 41.459195], [-71.960449, 41.442726]]]}}, {"type": "Feature", "properties": {"x": 4917, "y": 6116, "z": 14, "status": "unwalked", "town": "Ledyard", "center_lat": 41.43449, "center_lon": -71.949463}, "geometry": {"type": "Polygon", "coordinates": [[[-71.960449, 41.426253], [-71.938477, 41.426253], [-71.938477, 41.442726], [-71.960449, 41.442726], [-71.960449, 41.426253]]]}}, {"type": "Feature", "properties": {"x": 4918, "y": 6096, "z": 14, "status": "unwalked", "town": "Brooklyn", "center_lat": 41.763117, "center_lon": -71.92749}, "geometry": {"type": "Polygon", "coordinates": [[[-71.938477, 41.754922], [-71.916504, 41.754922], [-71.916504, 41.771312], [-71.938477, 41.771312], [-71.938477, 41.754922]]]}}, {"type": "Feature", "properties": {"x": 4918, "y": 6097, "z": 14, "status": "unwalked", "town": "Brooklyn", "center_lat": 41.746725, "center_lon": -71.92749}, "geometry": {"type": "Polygon", "coordinates": [[[-71.938477, 41.738528], [-71.916504, 41.738528], [-71.916504, 41.754922], [-71.938477, 41.754922], [-71.938477, 41.738528]]]}}, {"type": "Feature", "properties": {"x": 4918, "y": 6098, "z": 14, "status": "unwalked", "town": "Plainfield", "center_lat": 41.73033, "center_lon": -71.92749}, "geometry": {"type": "Polygon", "coordinates": [[[-71.938477, 41.722131], [-71.916504, 41.722131], [-71.916504, 41.738528], [-71.938477, 41.738528], [-71.938477, 41.722131]]]}}, {"type": "Feature", "properties": {"x": 4920, "y": 6114, "z": 14, "status": "unwalked", "town": "North Stonington", "center_lat": 41.467428, "center_lon": -71.883545}, "geometry": {"type": "Polygon", "coordinates": [[[-71.894531, 41.459195], [-71.872559, 41.459195], [-71.872559, 41.47566], [-71.894531, 41.47566], [-71.894531, 41.459195]]]}}, {"type": "Feature", "properties": {"x": 4921, "y": 6093, "z": 14, "status": "unwalked", "town": "Killingly", "center_lat": 41.812267, "center_lon": -71.861572}, "geometry": {"type": "Polygon", "coordinates": [[[-71.872559, 41.804078], [-71.850586, 41.804078], [-71.850586, 41.820455], [-71.872559, 41.820455], [-71.872559, 41.804078]]]}}, {"type": "Feature", "properties": {"x": 4921, "y": 6095, "z": 14, "status": "unwalked", "town": "Killingly", "center_lat": 41.779504, "center_lon": -71.861572}, "geometry": {"type": "Polygon", "coordinates": [[[-71.872559, 41.771312], [-71.850586, 41.771312], [-71.850586, 41.787697], [-71.872559, 41.787697], [-71.872559, 41.771312]]]}}, {"type": "Feature", "properties": {"x": 4921, "y": 6114, "z": 14, "status": "unwalked", "town": "North Stonington", "center_lat": 41.467428, "center_lon": -71.861572}, "geometry": {"type": "Polygon", "coordinates": [[[-71.872559, 41.459195], [-71.850586, 41.459195], [-71.850586, 41.47566], [-71.872559, 41.47566], [-71.872559, 41.459195]]]}}, {"type": "Feature", "properties": {"x": 4921, "y": 6115, "z": 14, "status": "unwalked", "town": "North Stonington", "center_lat": 41.450961, "center_lon": -71.861572}, "geometry": {"type": "Polygon", "coordinates": [[[-71.872559, 41.442726], [-71.850586, 41.442726], [-71.850586, 41.459195], [-71.872559, 41.459195], [-71.872559, 41.442726]]]}}, {"type": "Feature", "properties": {"x": 4922, "y": 6090, "z": 14, "status": "unwalked", "town": "Killingly", "center_lat": 41.861379, "center_lon": -71.8396}, "geometry": {"type": "Polygon", "coordinates": [[[-71.850586, 41.853196], [-71.828613, 41.853196], [-71.828613, 41.869561], [-71.850586, 41.869561], [-71.850586, 41.853196]]]}}, {"type": "Feature", "properties": {"x": 4922, "y": 6091, "z": 14, "status": "unwalked", "town": "Killingly", "center_lat": 41.845012, "center_lon": -71.8396}, "geometry": {"type": "Polygon", "coordinates": [[[-71.850586, 41.836828], [-71.828613, 41.836828], [-71.828613, 41.853196], [-71.850586, 41.853196], [-71.850586, 41.836828]]]}}, {"type": "Feature", "properties": {"x": 4922, "y": 6092, "z": 14, "status": "unwalked", "town": "Killingly", "center_lat": 41.828641, "center_lon": -71.8396}, "geometry": {"type": "Polygon", "coordinates": [[[-71.850586, 41.820455], [-71.828613, 41.820455], [-71.828613, 41.836828], [-71.850586, 41.836828], [-71.850586, 41.820455]]]}}, {"type": "Feature", "properties": {"x": 4922, "y": 6093, "z": 14, "status": "unwalked", "town": "Killingly", "center_lat": 41.812267, "center_lon": -71.8396}, "geometry": {"type": "Polygon", "coordinates": [[[-71.850586, 41.804078], [-71.828613, 41.804078], [-71.828613, 41.820455], [-71.850586, 41.820455], [-71.850586, 41.804078]]]}}, {"type": "Feature", "properties": {"x": 4923, "y": 6096, "z": 14, "status": "unwalked", "town": "Sterling", "center_lat": 41.763117, "center_lon": -71.817627}, "geometry": {"type": "Polygon", "coordinates": [[[-71.828613, 41.754922], [-71.806641, 41.754922], [-71.806641, 41.771312], [-71.828613, 41.771312], [-71.828613, 41.754922]]]}}, {"type": "Feature", "properties": {"x": 4923, "y": 6097, "z": 14, "status": "unwalked", "town": "Sterling", "center_lat": 41.746725, "center_lon": -71.817627}, "geometry": {"type": "Polygon", "coordinates": [[[-71.828613, 41.738528], [-71.806641, 41.738528], [-71.806641, 41.754922], [-71.828613, 41.754922], [-71.828613, 41.738528]]]}}, {"type": "Feature", "properties": {"x": 4923, "y": 6098, "z": 14, "status": "unwalked", "town": "Sterling", "center_lat": 41.73033, "center_lon": -71.817627}, "geometry": {"type": "Polygon", "coordinates": [[[-71.828613, 41.722131], [-71.806641, 41.722131], [-71.806641, 41.738528], [-71.828613, 41.738528], [-71.828613, 41.722131]]]}}, {"type": "Feature", "properties": {"x": 4924, "y": 6089, "z": 14, "status": "unwalked", "town": "Killingly", "center_lat": 41.877741, "center_lon": -71.795654}, "geometry": {"type": "Polygon", "coordinates": [[[-71.806641, 41.869561], [-71.784668, 41.869561], [-71.784668, 41.885921], [-71.806641, 41.885921], [-71.806641, 41.869561]]]}}, {"type": "Feature", "properties": {"x": 4924, "y": 6090, "z": 14, "status": "unwalked", "town": "Killingly", "center_lat": 41.861379, "center_lon": -71.795654}, "geometry": {"type": "Polygon", "coordinates": [[[-71.806641, 41.853196], [-71.784668, 41.853196], [-71.784668, 41.869561], [-71.806641, 41.869561], [-71.806641, 41.853196]]]}}, {"type": "Feature", "properties": {"x": 4924, "y": 6091, "z": 14, "status": "unwalked", "town": "Killingly", "center_lat": 41.845012, "center_lon": -71.795654}, "geometry": {"type": "Polygon", "coordinates": [[[-71.806641, 41.836828], [-71.784668, 41.836828], [-71.784668, 41.853196], [-71.806641, 41.853196], [-71.806641, 41.836828]]]}}, {"type": "Feature", "properties": {"x": 4924, "y": 6092, "z": 14, "status": "unwalked", "town": "Killingly", "center_lat": 41.828641, "center_lon": -71.795654}, "geometry": {"type": "Polygon", "coordinates": [[[-71.806641, 41.820455], [-71.784668, 41.820455], [-71.784668, 41.836828], [-71.806641, 41.836828], [-71.806641, 41.820455]]]}}, {"type": "Feature", "properties": {"x": 4924, "y": 6111, "z": 14, "status": "unwalked", "town": "Voluntown", "center_lat": 41.516803, "center_lon": -71.795654}, "geometry": {"type": "Polygon", "coordinates": [[[-71.806641, 41.508577], [-71.784668, 41.508577], [-71.784668, 41.52503], [-71.806641, 41.52503], [-71.806641, 41.508577]]]}}, {"type": "Feature", "properties": {"x": 4924, "y": 6112, "z": 14, "status": "unwalked", "town": "North Stonington", "center_lat": 41.500349, "center_lon": -71.795654}, "geometry": {"type": "Polygon", "coordinates": [[[-71.806641, 41.492121], [-71.784668, 41.492121], [-71.784668, 41.508577], [-71.806641, 41.508577], [-71.806641, 41.492121]]]}}, {"type": "Feature", "properties": {"x": 4924, "y": 6113, "z": 14, "status": "unwalked", "town": "North Stonington", "center_lat": 41.483891, "center_lon": -71.795654}, "geometry": {"type": "Polygon", "coordinates": [[[-71.806641, 41.47566], [-71.784668, 41.47566], [-71.784668, 41.492121], [-71.806641, 41.492121], [-71.806641, 41.47566]]]}}, {"type": "Feature", "properties": {"x": 4924, "y": 6117, "z": 14, "status": "unwalked", "town": "North Stonington", "center_lat": 41.418015, "center_lon": -71.795654}, "geometry": {"type": "Polygon", "coordinates": [[[-71.806641, 41.409776], [-71.784668, 41.409776], [-71.784668, 41.426253], [-71.806641, 41.426253], [-71.806641, 41.409776]]]}}]}